FIPS,State,County,total_votes20,GOP,DEM,cases,deaths,TotalPop,Men,Women,Hispanic,White,Black,Native,Asian,Pacific,VotingAgeCitizen,Income,Poverty,ChildPoverty,Professional,Service,Office,Construction,Production,Drive,Carpool,Transit,Walk,OtherTransp,WorkAtHome,MeanCommute,Employed,PrivateWork,PublicWork,SelfEmployed,FamilyWork,Unemployment
20143,KS,Ottawa,3159,2581,504,119,0,5957,3118,2839,2.7,94.3,0.8,0.2,0.2,0,4517,51797,9.7,16.8,34.8,15.9,22.7,12.7,13.9,77.9,10,0.3,2.7,1.9,7.1,23.7,3002,69.6,14.7,15.4,0.4,3.3
12111,FL,St. Lucie,172130,86825,84115,9179,336,298763,146025,152738,18.1,58.6,19.2,0.2,1.9,0.1,217389,47132,16.6,24.6,27.5,23.2,27.6,11.8,9.9,78.8,12.3,0.5,1.2,2.6,4.6,27.6,122153,82.4,11.6,5.9,0.1,7.6
53035,WA,Kitsap,156733,61204,89812,1575,22,258903,132104,126799,7.3,77.4,2.5,0.9,4.7,0.7,199599,68336,9.9,12.1,38.9,18.8,21.3,10.4,10.5,68.7,8.1,9.3,5.1,2.7,6.1,30.3,112032,65,28,6.8,0.2,5.7
51167,VA,Russell,13368,10879,2373,527,8,27725,13563,14162,1.3,96.8,0.9,0,0.1,0,22169,40083,17.6,23,31.8,14.6,23.9,14.5,15.3,87.5,6.9,0,1.4,0.7,3.5,28.1,10120,73.4,20.9,5.5,0.3,6.8
36075,NY,Oswego,44546,28914,14677,648,4,119833,60028,59805,2.5,94.3,0.8,0.1,0.6,0,93177,51755,18.3,28.8,29.2,20.4,23,12.1,15.3,81.4,8.9,0.9,4.1,1.2,3.4,24.8,53211,76.1,18.5,5.2,0.2,8.6
31067,NE,Gage,11068,7445,3385,600,5,21632,10816,10816,2.3,95,0.6,0.4,0.6,0.2,16736,52223,9.1,10.5,33.3,15.5,20.9,10.5,19.8,78.9,12.2,0.1,3.1,0.9,4.8,19.8,11118,74.1,16.1,9.7,0.1,3.2
6051,CA,Mono,6713,2504,3998,194,2,14058,7433,6625,27.1,66.1,0.4,2.2,2,0,9286,60595,9.9,12,37,30.3,18,7.3,7.3,44.8,7,19.7,11.1,8.1,9.3,16.1,7864,75.2,15.3,8.3,1.2,3.6
5003,AR,Ashley,7926,5548,2125,573,11,20771,10126,10645,5.2,68,25.6,0.2,0,0,15544,36407,21.3,32.4,27.5,16.8,18.9,13.7,23,85.1,7.8,0.2,2.3,3,1.6,20.4,7905,78.8,18.1,2.7,0.4,9.9
26159,MI,Van Buren,39060,21591,16800,1222,20,75190,37397,37793,11.2,81.5,3.1,0.4,0.6,0.1,55052,49119,15.8,22.6,28.9,19,21.3,12.3,18.6,81.6,10.3,0.3,2.9,0.8,4.1,24.4,33499,81.6,11.6,6.7,0.1,6.6
27117,MN,Pipestone,4932,3553,1306,390,17,9229,4481,4748,5.9,89.5,1.2,0.8,0.9,0,6623,48909,11.8,16,30.3,15.2,20,14.6,19.9,75.2,12,0.8,3.9,1.5,6.6,20.1,4328,77.4,11.6,10.8,0.1,4.2
18043,IN,Floyd,41742,23385,17507,2032,69,76481,37092,39389,3.1,88.3,5.2,0.4,1.1,0,58027,59451,10.8,14.9,36.7,14.5,25.1,8.1,15.6,86.1,7.8,0.9,1,0.3,3.9,22.6,38137,85.9,9.9,4.1,0.1,5.1
48385,TX,Real,1982,1643,320,126,8,3358,1553,1805,19.8,80,0.2,0,0,0,2579,36493,20.2,33.6,28.9,23.6,29.7,13.6,4.3,62.6,13.9,0,7.1,5,11.4,16.3,1281,73.4,10.7,15.9,0,6.1
31109,NE,Lancaster,153687,68952,81131,9653,45,306357,153788,152569,6.7,82.1,3.9,0.4,4.2,0.1,224251,55747,14,15.6,40,17.1,23.9,7.7,11.3,81.8,8.8,1.2,2.9,1.9,3.3,18.8,166689,77.8,17.8,4.2,0.1,3.9
48177,TX,Gonzales,7534,5568,1894,1133,20,20558,10400,10158,50.1,42.3,6.7,0.1,0.2,0,12811,47516,17.2,25,19.5,18,22.8,16.7,23,77.3,14.8,1.3,2.3,1.3,3.1,22.3,8939,76.6,14.8,8.4,0.3,5.1
51027,VA,Buchanan,9942,8311,1587,276,4,22611,11378,11233,0.3,95.4,2.8,0.5,0.5,0,18471,30828,26.5,42.1,25.9,16,23.1,20.7,14.2,87.1,7.5,0.6,1.8,2.1,0.9,27.7,6679,78.3,17.6,4.1,0,8.6
18159,IN,Tipton,8124,6110,1834,304,23,15290,7632,7658,2.6,95.3,0.2,0,0,0.4,11962,53931,9.4,18.8,32.3,15.8,16.5,13.8,21.6,84.9,8.8,0.3,1.3,1.9,2.7,23.7,7430,81.8,14,4,0.2,3.8
48491,TX,Williamson,287696,138649,142457,9588,156,508313,250106,258207,24.1,60.9,6,0.2,6,0.1,342928,79123,7,8.4,45.6,13.9,25.4,7.4,7.7,80.3,9.1,0.8,0.9,1.2,7.7,27.9,254840,79,14.5,6.4,0.1,4.8
26019,MI,Benzie,12259,6600,5480,145,2,17462,8694,8768,2.4,93.9,0.3,1.4,0.4,0,14050,53185,10,12.8,31,20.5,22.9,13.4,12.2,75.9,13.4,1.2,1.8,1.5,6.1,26.2,7679,78.1,14.8,6.9,0.2,6.5
18055,IN,Greene,14782,11103,3389,636,40,32431,16040,16391,1.3,96.8,0.2,0,0.4,0,25096,49648,12.9,15.9,29.3,18.7,22.4,12.2,17.4,89,7.8,0.1,1.4,1,0.7,28.7,14248,75,19,5.9,0.1,6.2
31041,NE,Custer,5877,4996,768,250,5,10836,5357,5479,2.9,95,0.8,0,0.8,0,8175,48836,11.9,15.9,32.8,19.5,18.9,15.6,13.1,74.4,10.4,0,4.6,1.8,8.8,16.2,5636,72.4,12.6,14.6,0.4,2.5
17123,IL,Marshall,6343,4196,2004,174,3,11925,5938,5987,3.1,94.9,0.4,0.1,0.3,0.2,9433,55173,10.3,15.2,29.4,19.4,20.3,11.4,19.5,82.8,9.8,0,2.7,1.1,3.6,27.7,5514,82.5,9.9,7.2,0.3,6.2
27067,MN,Kandiyohi,23313,14437,8440,1921,5,42577,21398,21179,11.9,81.8,4.2,0.2,0.8,0,30521,56604,11.3,16.7,33.4,17,20.9,12.5,16.2,84.1,7.5,0.8,1.9,1.5,4.2,17.9,21874,79.4,13.7,6.4,0.5,3
19109,IA,Kossuth,9077,6275,2696,519,0,15166,7598,7568,2.2,95.5,0.8,0.1,0.6,0,11763,54868,10,14.1,35.1,13.5,21.7,11.8,17.9,82.4,5.5,0.8,4.1,1.7,5.7,14.7,7646,74.7,11.8,13.2,0.2,2.1
28023,MS,Clarke,8277,5372,2815,791,53,16089,7575,8514,0.9,63.4,35.1,0.1,0,0,12397,37626,18.5,27.1,26.2,16.6,21,20.3,16,83.1,9.4,0,2.9,2.8,1.8,32,6137,79,15,5.7,0.3,9.1
1109,AL,Pike,13796,8020,5613,1385,14,33287,15897,17390,0.8,56.4,37.9,0.6,2.2,0,25869,35684,26.3,34.4,31.5,16.2,24.4,8.9,18.9,84.6,7.9,0,2.2,0.8,4.6,20.4,14352,76.1,18.2,5.6,0.2,8.7
13151,GA,Henry,122742,48187,73276,6395,114,217506,104175,113331,6.5,46.7,40.7,0.1,3.3,0,153050,64752,11.4,16.5,33.5,15.8,26.9,9,14.7,81,9.8,1,0.5,1.2,6.5,33.6,100413,77.1,18.3,4.5,0.1,7.7
48271,TX,Kinney,1603,1144,446,79,1,3631,2234,1397,61.8,38.1,0.1,0,0,0,2567,34926,10.6,8.3,24.2,38.6,10.7,21.6,4.9,81.4,4.4,1.2,0.1,5.6,7.3,18.7,1351,56.6,35.7,7.7,0,8.1
16049,ID,Idaho,9602,7826,1561,380,1,16275,8509,7766,3.2,91.3,0.1,2.9,0.3,0.1,12979,40299,13.5,15.4,27.1,17.2,22.4,17.3,16,69,12.1,0.6,8.2,1.5,8.6,17.4,6321,65.1,23.1,11.4,0.4,5.4
13133,GA,Greene,11247,7068,4088,584,25,16732,8142,8590,6.1,56.4,35.8,0.1,1,0,12969,45069,21.9,34.6,27.7,24.3,25.6,7.8,14.6,78.4,9,0.4,0.8,4.2,7.2,26.4,6122,78,15.4,6.4,0.2,6.5
28161,MS,Yalobusha,6506,3658,2767,578,18,12426,6101,6325,1.5,58.3,39.7,0.2,0.2,0,9537,37647,22.6,29.1,21.7,16.2,20.4,11.6,30.1,87.9,11.1,0.1,0.4,0.4,0.2,25.4,5274,77.6,18.6,3.8,0,5.3
49049,UT,Utah,269877,183008,72324,30400,83,576496,290874,285622,11.4,83,0.5,0.4,1.5,0.8,352481,67042,11.8,10.4,41,15.2,26.5,7.6,9.9,73.2,11.8,2,4.1,2.3,6.7,21.4,257679,83.8,11.4,4.6,0.2,4.3
29087,MO,Holt,2344,1976,338,127,1,4499,2239,2260,0.4,96.4,0.3,1.6,0.4,0,3616,43981,12,12.3,35,15.7,20.2,13.4,15.7,78.3,14.1,0.3,3.4,0.9,3.1,20.7,2119,73.2,14.6,11.7,0.5,4.2
5015,AR,Carroll,11639,7352,3941,1049,19,27782,13634,14148,14.8,80.6,0.5,0.6,1,0.6,20196,39686,15.7,23.5,27.5,18.5,20.1,11.2,22.7,80.2,10.5,0,3.8,0.5,5,19.8,11400,77.6,13.2,9.1,0.1,5.1
21147,KY,McCreary,6435,5664,725,266,1,17748,9710,8038,3.4,89.7,5.4,0.3,0.2,0,13651,19264,41,49.5,22.4,20.6,23,12.4,21.7,84.1,9.2,0.1,2,3.7,1,28.2,4493,74.8,17.6,7.2,0.5,15.8
31103,NE,Keya Paha,529,476,49,9,0,720,368,352,1.1,97.8,0.1,0,0.1,0,575,48864,7.7,13.3,48.4,11,16.6,20.1,4,56,6.3,0,7.7,1.6,28.3,18.8,428,55.4,12.9,31.8,0,1.2
29013,MO,Bates,8435,6595,1672,271,8,16405,8010,8395,2.1,94.5,1.2,0.4,0.2,0.1,12386,45605,14.3,19.2,27.1,20.1,20.9,16.1,15.9,74.6,12.7,0.6,3,1,8.1,30.1,7261,74.5,13.6,11.6,0.3,5.2
36093,NY,Schenectady,60591,27544,31685,1622,50,155239,75537,79702,6.7,73.8,9.6,0.2,4.6,0,116371,61315,12.4,19.7,38.1,19.1,25.9,6.7,10.2,81.4,7.4,3.9,2.9,1.3,3.1,22.9,73044,76.5,19.2,4.3,0,7.3
17139,IL,Moultrie,6698,4938,1645,496,6,14711,7173,7538,1.2,97,0.6,0.2,0.2,0,10936,53979,12.1,17.8,29,14.2,21,9.4,26.4,79,8.3,0,2.5,4.2,5.9,22.3,6993,82.1,9.6,8,0.3,3
27089,MN,Marshall,5101,3721,1295,187,1,9397,4761,4636,4.2,93.7,0.3,0.2,0.3,0,7152,57289,7.8,7.9,32.6,14.2,20.8,13.4,19,78.9,8.7,0.3,2.9,1.3,8,23.3,4832,77.8,12.8,9.1,0.2,3.2
37039,NC,Cherokee,16341,12568,3563,782,15,27463,13483,13980,3,91.5,1.4,1.2,0.7,0,22344,38115,16.8,24.6,30.1,19.5,25.6,11.5,13.3,81.6,6.3,0.3,3.1,1.8,6.9,24.6,9925,77.4,12.6,9.8,0.2,7.7
49001,UT,Beaver,3076,2673,356,0,0,6414,3296,3118,10.9,88.7,0,0.1,0.2,0,4165,47878,10.5,15.8,23.9,18.7,25.1,15.9,16.4,80.2,12.5,0.2,2.6,1,3.4,16,2653,77.1,16.6,5.8,0.5,4.7
8075,CO,Logan,10411,7987,2201,1321,13,21885,11723,10162,15.5,78.1,1.1,0.7,1,0,16575,44876,16.8,23.6,29.1,21.4,20.8,15.7,13,75.7,12,0.5,5.8,0.7,5.3,19.2,10390,71,19.4,9.4,0.2,6.2
40119,OK,Payne,29643,17813,10904,2917,14,80634,41317,39317,4.6,77.3,3.9,4.9,4.4,0.1,60719,39149,26.3,21.7,39.4,18.4,22.8,10.4,9,78.7,9.9,1.2,4.8,2.2,3.2,17.5,36377,68.2,26.3,5.1,0.4,4.5
42077,PA,Lehigh,180284,82287,95889,6863,366,360774,176067,184707,22.8,66.5,5.4,0.1,3.3,0,263430,60116,13.3,20.4,35.1,16.6,24.7,7.1,16.6,80.6,9.6,2.1,2.3,0.9,4.5,24.7,174705,87.9,7.8,4.2,0.1,7
4012,AZ,La Paz,7458,5129,2236,628,17,20477,10530,9947,26.3,58.7,0.8,11.1,0.8,0.2,15702,36479,19.7,38.1,26.4,26.8,18.4,18.2,10.1,70.5,9.3,0.6,8.2,3.2,8.3,12.9,6474,67.7,25.6,6.7,0,9.5
48455,TX,Trinity,6938,5579,1323,208,8,14481,6959,7522,9.3,79.1,9.5,0.3,0.4,0,11188,37398,18.4,30,27.5,23,23.5,12.8,13.3,80.9,10.9,0.5,1.8,1,4.9,33.2,4946,69.3,20.8,9.2,0.6,10.2
31139,NE,Pierce,4006,3462,480,234,11,7175,3598,3577,1.6,96.7,0.3,0.1,0.4,0.1,5374,55417,6.8,7.1,33.3,13.4,20.6,12.9,19.9,80.5,7.8,0,3,1.6,7.1,19.2,3706,75.3,13,11,0.8,3.8
26111,MI,Midland,49175,27675,20493,1179,14,83489,40954,42535,2.6,91.7,1.4,0.4,2.2,0.1,63543,57117,11.3,12.7,39.9,17,21.7,8.8,12.6,85.9,7.2,1,1.5,1,3.5,21.1,37913,84.8,9.4,5.6,0.2,7
46109,SD,Roberts,4307,2404,1828,388,6,10250,5192,5058,2.8,57.7,0.5,36,0.1,0,7336,51228,18.8,31,37.3,19.5,17.1,11.4,14.8,76.6,11.6,0.8,5.6,0.6,4.8,18.6,4585,64.9,22.4,12.6,0.2,7
20047,KS,Edwards,1413,1127,267,82,0,2946,1520,1426,20.1,77.2,1.3,0,0.3,0,2064,50229,10.2,17.5,31,14.5,20.1,14.3,20.1,80.2,7.1,0,2.4,4.7,5.7,19.2,1444,69.5,20.4,9.7,0.5,2.9
28021,MS,Claiborne,2886,479,2337,545,16,9106,4269,4837,0.4,12.1,86.9,0.2,0.4,0,7081,24601,45.9,66.6,25,25.2,20.7,9.6,19.5,85.1,5.4,0.5,3.9,2.2,2.9,22.4,2394,63.7,31.5,4.6,0.2,17.7
5147,AR,Woodruff,2469,1543,849,136,0,6763,3193,3570,0.5,69.2,27.5,0,1.5,0.1,5272,30097,26,34,35.4,15.7,21.9,12.5,14.5,84.2,9,1.2,2.4,1.1,2.2,18.1,2603,81,12.8,6.2,0,10.1
21071,KY,Floyd,16381,12211,3855,475,4,37447,18314,19133,0.7,97.3,0.9,0.1,0.3,0,29232,31196,30.7,43,29.5,19.1,27.3,11,13.2,88.5,7.8,0.2,1,0.5,2.1,23,11130,70.4,22.4,7.1,0,11.6
38083,ND,Sheridan,812,688,104,57,1,1403,686,717,0.9,97.5,0,0.4,0,0,1175,49750,15.4,23.5,39.2,13.8,18.9,19,9.2,69.2,8.6,0,6.7,1,14.5,23.8,610,69,11.8,19,0.2,3.6
29027,MO,Callaway,21178,14812,5868,1481,7,44793,22801,21992,2,90.2,4.3,0.5,0.8,0,34855,53180,12.3,19.4,31.9,18.5,23.9,11.6,14.2,82.5,10.2,0.1,1,2.7,3.5,23.5,20199,70.8,23.9,5.2,0.1,4.3
48067,TX,Cass,13856,10979,2777,562,25,30118,14599,15519,4.3,76.4,17,0,0.4,0,22979,41432,18.5,30.7,22.9,19.3,24.6,14,19.2,89.5,4.3,0.2,0.6,3.4,2,24,11991,74,16.7,9.3,0,7.3
39133,OH,Portage,81280,45034,34935,1945,68,162080,79258,82822,1.7,90,4.1,0.1,1.9,0,126877,53816,14.5,18.7,32.2,18.4,24.4,8.1,17,84.1,7.1,0.7,2.8,0.5,4.8,25.5,82049,83.9,11.4,4.5,0.2,7.2
20027,KS,Clay,4134,3129,883,114,3,8203,4051,4152,2.4,94.5,0.7,0.6,0.6,0,6200,55434,9.4,14.6,32.8,15.1,24.5,15.7,12,80.7,9.7,0.1,2.3,0.8,6.4,19.7,4107,71,20.3,8.5,0.3,3.3
18033,IN,DeKalb,19656,14237,4966,914,13,42524,21161,21363,2.8,95.1,0.2,0.1,0.3,0,31716,51374,12.5,20.7,28.3,13.2,19.6,9.1,29.8,86.3,8.5,0.1,1.1,1.1,2.9,20.7,21054,87.8,7.8,4.2,0.2,4.6
29047,MO,Clay,126618,64583,59519,2761,48,236068,115761,120307,6.6,82.1,5.6,0.3,2.2,0.2,173396,65675,8.9,11.5,37,16.6,25.4,7.2,13.8,84,8.1,0.6,1.2,0.9,5.1,23.1,123139,83.9,11.9,4,0.1,4.4
4007,AZ,Gila,27662,18377,8943,1989,72,53145,26284,26861,18.6,62.8,0.4,15.6,0.9,0,41292,41179,21.9,36.4,31.6,22.8,21.4,15.3,8.9,78.2,12.8,0.1,2.8,1.1,5,18.7,18216,71,23.1,5.7,0.2,11.7
48445,TX,Terry,3608,2809,757,626,10,12755,6753,6002,53.8,40.8,4.6,0.2,0,0,8567,42441,13.7,21.1,31.1,17.6,17.4,22.8,11.1,77.8,16.3,0.3,1.1,1.9,2.7,20.1,4556,74.8,17.2,8,0,9.4
48231,TX,Hunt,38517,29135,8879,2075,46,90322,44432,45890,15.3,72.9,7.8,0.8,1.2,0,65205,49319,18.8,26.2,31.7,17.3,24.3,12.7,14.1,81.1,12,0,2.1,1.2,3.6,30.8,38753,79.8,13.9,6.2,0.1,6.5
21239,KY,Woodford,15211,8362,6530,419,0,25817,12356,13461,6.6,86.5,4.4,0,0.3,0,19007,60604,14.5,28.1,40,16.6,19.3,11.4,12.8,82,8.8,0.1,2.5,1.4,5.3,21.9,13099,76.6,15.1,8.2,0,3.8
8037,CO,Eagle,28427,9685,18095,1521,10,53726,28560,25166,29.6,67.3,0.8,0.4,0.9,0.1,34723,83803,7.7,10,33,26.3,20.8,11.5,8.5,73.9,8.2,5.4,2.3,1.1,8.9,22.3,33466,86.1,8,5.8,0.1,2.7
48215,TX,Hidalgo,219939,89991,127507,35785,1952,839539,410383,429156,91.8,6.6,0.4,0.1,0.9,0,403944,37097,31.8,43.8,27,23.5,25.6,13,11,80.4,8.8,0.3,1.2,4.4,4.9,21.9,313678,71.2,17.2,11.4,0.1,8.1
12063,FL,Jackson,22419,15488,6766,3162,83,48571,26887,21684,4.6,65.5,26.8,0.7,0.6,0.1,38345,36944,21.6,31.6,29.1,27.1,23.1,10.4,10.4,88.6,6.1,0,1.3,1.6,2.4,23,16193,66.9,29,3.9,0.1,11.2
28093,MS,Marshall,13064,6591,6283,1548,32,35981,17793,18188,3.5,47.7,47.6,0.1,0.1,0,27763,41134,17.8,26.6,23.2,14.3,24.9,12.6,25.1,86.1,5.4,0.4,1.4,0.8,6,28.2,14304,80.3,11.9,7.7,0.1,6.2
51093,VA,Isle of Wight,23434,13707,9399,883,26,36090,17651,18439,2.8,70.8,22.3,0.3,0.8,0.1,28186,67767,10.3,17.1,36.9,14.9,22.8,13.5,11.9,88.7,6.9,0.2,0.5,0.5,3.2,29.2,17338,76.8,19.4,3.7,0,7
27037,MN,Dakota,261107,109183,145510,10733,139,414655,204016,210639,6.8,79.7,5.6,0.2,4.7,0,296543,79995,6.9,9.2,42.4,15.3,24.7,6.2,11.3,81.2,8.3,3.3,1.1,1,5,24.3,231109,84.3,11.5,4.1,0.1,4
17195,IL,Whiteside,27254,14472,12195,1804,31,56823,27990,28833,11.8,84.9,1.6,0.1,0.5,0.1,43198,51969,11.1,15.4,26.3,19,23.4,8.5,22.7,84,9.6,0.4,1.8,1.5,2.8,19.4,26553,81.9,13.2,4.7,0.2,6
46097,SD,Miner,1138,787,320,148,2,2255,1167,1088,2.1,95.2,1,0.1,0.3,0,1648,50658,11.6,16.7,36.5,15,19.4,12,17.2,76.3,7.9,0.5,4.4,2,8.9,21.3,1116,70.7,9.5,19.7,0.1,2
18127,IN,Porter,86089,44899,39537,4013,54,167391,82696,84695,9.6,84,3.3,0.2,1.4,0.1,126844,65979,11,15.5,35.7,16,22,11.1,15.2,85.7,5.2,1.5,2.1,1.2,4.4,27.2,79536,86.2,9.7,3.9,0.2,5.7
30095,MT,Stillwater,5707,4430,1155,231,3,9342,4651,4691,3.5,93.4,0.2,1,0.2,0,7223,61998,6.5,8.7,31.8,15.6,19.1,19.2,14.3,64.5,14.1,1.8,7.7,3.6,8.3,24.1,4508,76.3,12.7,10.5,0.6,3.6
55017,WI,Chippewa,35945,21316,14001,1958,24,63445,33015,30430,1.7,93.9,1.3,0.2,1.3,0,48783,55240,10.7,13.9,30,16.7,20.5,11,21.8,82,8.4,0.1,2.3,1.2,6,21.9,31454,81.8,10.4,7.4,0.3,3.7
16047,ID,Gooding,6050,4659,1256,636,9,15110,7737,7373,28.8,68.1,0.1,1.1,0.5,0.2,9492,42626,15.9,22.7,28.4,18.4,16.2,22.8,14.2,81.7,8.1,0.1,1.8,1.5,6.9,20.8,6886,78.8,12.5,7.7,1,5.5
21107,KY,Hopkins,21509,15757,5439,1119,43,45985,22353,23632,1.9,88.8,6.2,0.3,0.5,0,35004,44048,17.2,24.9,28.4,18.6,22.2,12.7,18.2,89.5,5.7,0.2,1.6,1.4,1.6,21.3,18920,78.2,16.3,5.3,0.2,5.9
38021,ND,Dickey,2424,1742,608,333,6,5041,2513,2528,3.4,93.6,1.4,1.1,0.4,0,3857,58357,6.3,1.9,32.8,17.2,22.8,14.4,12.7,73.2,11,0.2,8.8,0.6,6.2,13.4,2658,74.2,11,12.9,1.8,2.6
37041,NC,Chowan,7754,4458,3232,538,12,14370,6878,7492,3.6,59.7,33.8,0.8,0,0,11157,41979,22.8,39.7,29.6,25.4,19.8,7.4,17.7,81.3,8.3,0,3.7,2.9,3.9,28.2,5439,73.2,21.3,5.3,0.2,11.9
37165,NC,Scotland,14632,7399,7137,1672,28,35445,17546,17899,2.8,43.9,38.6,11.1,0.7,0,26702,32739,29.8,41.6,27.3,20.9,23.7,7.8,20.1,87.9,7.7,0.2,1.3,0.9,2.1,21.8,11660,79.6,16.2,4.1,0.1,12.7
36057,NY,Montgomery,17615,11500,5746,273,4,49500,24352,25148,13.2,82.6,1.2,0.1,0.7,0,37615,47449,19.6,29.6,30,18.8,23.9,9.6,17.7,80.5,8.6,1.3,3.6,2.4,3.7,24.5,21956,78.3,16.9,4.6,0.3,7.3
48013,TX,Atascosa,18085,12020,5865,1287,37,48139,24051,24088,63.5,34.2,0.7,0.1,0.4,0,33109,55194,14.6,22.5,25.8,21.1,19.7,18.7,14.7,76.9,15,0.1,1.1,1,5.9,30.8,20208,78.3,14.7,6.9,0,6.1
27053,MN,Hennepin,753159,205966,532608,36936,1002,1224763,604629,620134,6.9,69.5,12.5,0.5,7,0,877093,71154,11.5,15.4,48.5,15.3,22.6,4.5,9.1,73,7.9,7.4,3.3,2.7,5.6,23.4,674973,85,10.2,4.6,0.1,4.6
13019,GA,Berrien,7743,6419,1269,503,14,19014,9297,9717,4.9,82.3,10.8,0.2,1,0,14081,38297,23.7,29.9,22.8,19.7,20.6,15.9,21.1,80.4,13.7,0.1,1.6,1.9,2.3,23.8,7062,77.3,17.7,4.8,0.3,9.4
47057,TN,Grainger,10123,8559,1463,649,4,22942,11383,11559,3,94.9,0.4,0.3,0.3,0,17764,40088,18.7,24.7,24.9,15.6,19.4,16.5,23.6,79.2,13.7,0.5,1.2,0.7,4.7,32.9,9482,75.5,13.8,10.6,0.2,6.4
48505,TX,Zapata,3867,2032,1820,358,9,14415,7190,7225,94.1,5.2,0,0,0.7,0,6586,34550,34.1,48,17.7,30.4,14.9,16.8,20.2,69.2,23.8,0,4.4,0.6,2,18.2,5146,66,21,12.6,0.4,12.4
36119,NY,Westchester,350749,126013,220963,40946,1472,975321,471874,503447,24,54.4,13.5,0.1,5.8,0,642976,89968,9.4,11.7,47.3,18.6,21.3,6.8,6,57.6,8.1,22.7,4.8,1.5,5.2,34.1,479696,79.6,13.8,6.5,0.1,6.5
54035,WV,Jackson,13508,10093,3207,411,24,29123,14440,14683,0.4,97.1,0.1,0.8,0.3,0,22698,41731,14.7,18.4,28.7,15,27.9,15.6,12.9,83.5,11.1,0.2,1.9,1.1,2.1,29.9,11221,75.3,18.7,5.9,0.1,4.6
20055,KS,Finney,11466,7079,4155,3110,20,37097,18913,18184,49,42.6,2.1,0.4,3.9,0,20599,51703,16.2,22,22.8,18.4,20.6,15.2,23,80.7,13.1,0.6,1.6,1.1,2.8,14.3,18653,81.4,13.3,5.1,0.3,4.7
47121,TN,Meigs,5529,4464,1008,339,6,11830,5767,6063,1.5,94.5,1.4,0.3,0.2,0,9357,39786,16.6,26.4,22.3,16.3,18.7,13.6,29.1,83.9,12.1,0.3,0.4,1.8,1.5,31,4300,80.3,14.9,4.8,0,9.9
31025,NE,Cass,15284,10121,4737,605,4,25513,12813,12700,3.1,94,0.3,0.2,0.3,0.3,19134,68284,6.3,7,34.2,14.8,26.5,12.9,11.6,85.8,8.4,0.1,1.6,0.5,3.6,26.1,13311,79.2,15.5,5.1,0.1,2.8
56017,WY,Hot Springs,2577,1999,482,55,0,4741,2404,2337,1.9,94.5,0,2.3,0,0,3777,48403,12.5,21.2,40.1,19,19.5,12.1,9.3,70.3,13.5,0.7,7.8,0.5,7.2,19.6,2290,68.2,21.3,10,0.5,4.1
5097,AR,Montgomery,3839,3021,722,188,8,9059,4487,4572,4.1,90.9,0.3,1.8,1,0,7139,35252,18.1,29.4,29.1,18.5,19.3,20.8,12.3,84.9,10.9,0.2,1.4,0.3,2.3,30,3248,67.3,18.8,13.9,0,4.4
46119,SD,Sully,930,726,185,45,0,1390,756,634,0.9,95.5,0,1.5,0,0,1059,60694,3.3,0.9,42.3,10.3,17.7,24,5.6,68.6,9,1.8,6.2,0,14.5,14.6,728,63.5,19.9,16.2,0.4,0.5
31153,NE,Sarpy,95409,51518,41029,6275,39,175188,87568,87620,8.7,81.8,3.7,0.3,2.5,0.1,121810,75752,5.3,5.9,43,15.2,24.1,8.6,9.1,87.4,7.6,0.2,0.7,0.9,3.3,20.6,91916,80.5,15.5,3.9,0.1,3.3
16085,ID,Valley,7063,3947,2976,129,1,10104,5148,4956,4.4,94.7,0.1,0.2,0.1,0,8201,54015,10.4,3.2,35,20.9,20.1,10.6,13.4,78.7,5.8,0.7,7,0.8,7,15.9,4244,75.2,14.3,10.3,0.2,4.3
29211,MO,Sullivan,2471,1974,478,381,3,6382,3187,3195,18.5,77.5,1.8,0.4,0.4,0,4661,42034,15.9,19.1,28,14.2,15.6,13.5,28.8,72,20.2,0,1.8,1.1,4.9,16.2,2681,75.6,13.8,10.1,0.4,3.4
27069,MN,Kittson,2639,1546,1006,66,0,4384,2226,2158,2.1,96,0.8,0.2,0.4,0,3392,52304,11.2,17.3,32.8,16.9,18.4,9.5,22.4,72.4,9.8,1.4,7.6,0.5,8.3,20.6,2189,73.3,14.8,11.7,0.2,2.6
48381,TX,Randall,64412,50597,12750,5483,59,130552,64149,66403,20.2,73.4,2.8,0.4,1.5,0.1,95349,65564,9.6,11.6,37.3,17.4,26.2,8.9,10.2,84.7,9.7,0.3,1.3,1,3,19.1,68640,75.3,16.3,8.3,0.1,3.7
29077,MO,Greene,138074,81312,53307,9668,140,286759,139733,147026,3.5,88.2,3.2,0.4,1.9,0.1,221969,43175,18.5,21.6,35.9,18.8,26.9,7.1,11.3,81.7,9.6,0.7,2.4,1.5,4.1,19.3,138083,83.4,11.5,5,0.1,5
55007,WI,Bayfield,10880,4617,6147,280,2,15004,7642,7362,1.7,85,0.6,10,0.5,0,12246,50110,11,18.4,36,20.4,18.5,13.9,11.3,75.8,10.3,2.2,4,1.1,6.5,23.8,6994,67.5,21.5,10.6,0.5,5.5
31127,NE,Nemaha,3423,2428,921,175,0,7041,3476,3565,2.6,94.3,1.4,0.6,0.7,0,5528,55536,11.5,11.5,32.2,21,22.1,11.6,13.1,78.1,10.5,0,6.6,0.3,4.6,19.6,3444,67.1,25.2,7.7,0,5.7
48333,TX,Mills,2502,2214,271,79,1,4887,2275,2612,18.3,81.3,0.2,0,0.1,0,3549,46318,14.9,19.8,29.8,15.5,28.4,12,14.4,78.8,7.4,0,6.7,0.9,6.2,16.5,2055,71.3,18.4,10,0.2,2.9
46073,SD,Jerauld,1006,721,270,170,13,2034,955,1079,2.2,96.3,0,0.4,0,0,1522,49882,8.9,5.4,30.2,16.5,18,15.7,19.6,73.6,11.8,1.4,6.1,1.5,5.6,15.5,987,70.6,9.8,19.6,0,0.2
28101,MS,Newton,8678,6037,2542,887,28,21437,10043,11394,1.8,61.5,30,5.1,0.5,0,15857,37643,23,32.6,31.4,14.1,21.6,13.7,19.1,84.2,11.2,0,1,1.6,1.9,26.1,8108,70.7,23.6,5.3,0.4,7.7
6113,CA,Yolo,64934,16128,47504,3303,60,212605,103617,108988,31.4,47.5,2.2,0.3,13.6,0.4,142947,61621,19.4,16.3,44.2,18.7,18.8,9,9.3,67,11.4,3.9,3.3,9.4,5,23.2,95944,66.7,27.1,6.2,0,7.2
27125,MN,Red Lake,2190,1450,689,90,2,4017,2033,1984,3.5,92.6,0.3,1.4,0.3,0,2992,52500,9.4,10.5,30.4,13.6,25.3,13.2,17.6,82.2,9.2,0.2,3.2,0.4,4.8,22.2,2044,76.1,14.6,8.8,0.5,2.9
48201,TX,Harris,1633671,699822,911974,162306,2811,4525519,2251060,2274459,42.2,30.6,18.5,0.2,6.8,0.1,2605043,57791,16.8,25,35.4,17.4,22.9,11.5,12.8,79.3,10.9,2.7,1.5,1.9,3.7,28.9,2180392,83.4,9.8,6.6,0.2,6.4
45065,SC,McCormick,5697,2958,2687,283,7,9694,5440,4254,0.9,49.2,47.5,0.2,0.4,0,8445,40622,20.1,45.4,24.2,22.5,22.2,9.4,21.7,88.5,7.1,0.1,1.4,0.9,1.9,26.6,2720,68.1,28.1,3.8,0,15.3
27123,MN,Ramsey,294513,77324,211362,15318,383,537893,261783,276110,7.4,63.1,11.2,0.5,14,0,378733,60301,15,22.3,43.6,17.6,22.3,5,11.5,73.3,9.6,6.6,2.9,2.1,5.5,23.9,278185,82.3,13.3,4.3,0.1,5.5
36117,NY,Wayne,37425,23734,12799,561,5,91442,45218,46224,4.2,90.2,2.9,0.1,0.7,0.1,70737,53693,11.7,16.9,33.4,15.5,23.9,10.7,16.5,84.6,8.1,0.7,2.2,1.3,3.2,24.9,43209,79.6,15.2,5.1,0.2,6.4
13007,GA,Baker,1555,897,652,92,6,3251,1547,1704,5.4,52.1,41.3,0.2,0.6,0.5,2512,43867,19.5,19.4,28.5,11.4,27.8,19.9,12.4,88.8,8,0,1.1,0.6,1.5,27.4,1286,70.1,23.1,6.8,0,2.5
48099,TX,Coryell,23425,15397,7542,2019,14,75818,37921,37897,17.8,59.5,13.7,0.6,1.8,0.7,55434,50865,13.3,18.9,29.8,23.8,25.1,12.6,8.8,72.8,12.8,0.4,7.3,2.2,4.5,22,23306,62,31.8,6.1,0.1,9.9
1069,AL,Houston,45750,32384,12738,4320,35,104108,49905,54203,3.2,67.2,26.5,0.3,0.8,0,78486,42803,18.5,29.5,31.1,18.6,25.7,10.2,14.3,89.2,6.9,0.1,0.7,0.8,2.3,21.3,44108,81.9,12.1,5.8,0.2,7.6
39079,OH,Jackson,14160,10804,3193,539,8,32624,15953,16671,1,96.2,0.8,0,0.1,0.1,24679,43397,20.6,29.3,31.1,15.6,22.3,10.7,20.3,84.9,9.2,0.1,2.8,0.7,2.4,25.6,13511,77.9,16.6,5.2,0.2,10.8
51035,VA,Carroll,15619,12659,2842,635,29,29767,14993,14774,3.1,95,0.2,0.1,0.1,0,23614,41145,14.6,16.9,27.1,16.8,23.3,14.1,18.8,83.9,10.9,0,1,0.1,4.1,25.8,13125,74.9,16.1,9,0,3.8
41051,OR,Multnomah,461453,82410,365787,9894,172,788459,390542,397917,11.3,70.5,5.3,0.6,7,0.6,579030,60369,16.4,20.6,45.2,17.9,21,5.6,10.4,60.1,9.5,11.4,5.1,6.7,7.2,26.6,416325,80.8,11.9,7.2,0.2,6.8
29123,MO,Madison,5671,4581,1017,545,3,12226,6004,6222,2.3,94.9,0.9,0.3,0.4,0,9398,37484,18.8,21.2,20.9,21.1,21.7,18.6,17.6,79.9,13.6,0.1,1.1,2.4,2.9,25.4,4976,78.6,17,4.4,0,5.8
48169,TX,Garza,1651,1411,231,123,8,6739,4369,2370,54,40.5,4.5,0.1,0.6,0,3472,53832,13.5,26.1,30.3,22.3,15.5,15.2,16.7,71.5,23.8,0,2,2.6,0.1,17.4,2445,72.2,16.7,11.1,0,2
41031,OR,Jefferson,11666,7044,4306,611,10,22707,11605,11102,19.8,60.2,0.8,16.4,0.6,0.4,16443,48464,20.9,30.3,30.1,21.7,19.2,13.4,15.6,74.7,14.8,0.2,2.9,1.4,6,20.4,8073,68.1,24.4,7.4,0.1,11.9
18169,IN,Wabash,14598,10762,3494,563,11,31848,15568,16280,2.5,94.5,0.9,0.7,0.2,0,24832,49052,13.3,22.7,30.3,18.2,20,10.3,21.2,86.6,4.8,0.7,4.6,0.5,2.8,19.6,15079,84.9,9.6,5.2,0.4,5.5
21047,KY,Christian,23863,15080,8296,2025,29,72438,38426,34012,7.5,66.3,20.4,0.5,1.3,0.3,51551,41849,19.7,24.9,27.8,20.4,22.2,8.5,21.1,78.2,8.6,0.5,8.9,1.9,1.9,17.3,24118,75.7,17.6,6.6,0.2,8
17087,IL,Johnson,6442,5052,1280,408,0,12899,7342,5557,3.3,84.7,11.1,0.1,0.1,0,10465,45743,13.9,15.8,36.4,20.3,21.3,10.9,11.2,83.4,5.2,0.1,4.2,1.3,5.9,25,4165,67.8,25.2,6.7,0.3,7.5
36017,NY,Chenango,17241,11736,5126,425,7,48763,24382,24381,2.1,94.9,0.9,0.3,0.4,0,38105,48567,14.5,18.9,32.7,17.6,20.9,10.8,18,77.2,11.4,0.4,4.9,1.1,5,24.1,21665,69.7,21.6,8.4,0.3,6.7
10003,DE,New Castle,287633,88364,195034,13259,353,555036,268818,286218,9.6,58.5,24.1,0.2,5.4,0,403642,68336,11.9,15.9,43.9,17,23.4,7.1,8.7,80.5,7.7,4,2.4,1.1,4.2,25.7,269164,84.7,12,3.2,0.1,6.5
48331,TX,Milam,10523,7950,2475,550,8,24479,12194,12285,25.8,62.9,8.4,0.1,0.5,0,17688,41768,16,25.5,28.9,17.8,20.5,18,14.8,80.8,13.3,0.3,0.6,0.3,4.7,27.2,9527,73.1,19.3,7.4,0.3,5.5
54041,WV,Lewis,7457,5782,1538,110,2,16371,8198,8173,1.3,96.6,0.2,0.4,0.4,0,12782,39793,19.8,30.6,24.3,19.2,25.3,16.4,14.8,83.4,8.5,0,1.9,3.8,2.5,28.2,6279,76.7,17.2,6,0,7.5
27127,MN,Redwood,8290,5775,2358,317,12,15430,7819,7611,3.1,87.6,0.8,4.5,3,0,11575,51871,11.8,17.2,33.1,19.5,18.9,12.8,15.7,77,7.7,0.9,4.3,1,9.2,17.9,7533,75.8,11.8,12.1,0.3,3
17097,IL,Lake,323706,120938,196479,22618,522,704476,351847,352629,21.1,62.8,6.6,0.1,7.1,0,466915,82613,8.5,11.5,42.3,15.3,24.8,5.9,11.6,77,8,4.4,2.8,1.2,6.5,30,347792,85.7,9.7,4.4,0.3,6.3
16011,ID,Bingham,20094,15295,4124,1664,23,45369,22732,22637,17.9,74,0.3,4.9,0.9,0,29477,51307,13.1,17.6,31.2,17.6,20.5,15.7,14.9,77.5,12,2,1.8,1.8,4.8,21.9,19417,75,17.8,6.8,0.4,5.2
54015,WV,Clay,3365,2679,641,65,3,8901,4443,4458,0.3,97.7,0,0.5,0,0.1,6871,34242,25.2,24.5,24.6,22.3,15.3,19.2,18.7,73.1,21,0.7,1.3,0.6,3.3,45.1,2516,71.9,23.1,4.4,0.7,10.8
18071,IN,Jackson,19238,14555,4302,1299,20,43779,21861,21918,6.4,89.3,1.1,0.3,1.9,0,31621,49080,15.6,19.4,27.8,15.6,22.9,9,24.7,83.7,10,0.4,1.6,2.4,1.9,20.5,20125,84.9,9.9,4.7,0.5,6.2
48143,TX,Erath,16837,13669,2914,1065,17,41016,20118,20898,20.6,75.4,1.6,0.5,0.8,0,30429,47013,22.6,21.5,32.1,21.6,19.5,12.1,14.8,81.8,10.2,0.3,2.5,0.7,4.5,19.9,19076,77,14,8.3,0.6,4.3
13111,GA,Fannin,14850,12169,2571,841,27,24480,11852,12628,2.2,95.3,0.2,0.1,0.6,0.1,20090,43344,15.8,17.9,29.6,20.6,23.5,13.7,12.5,76.5,15.3,0.2,1,1.6,5.4,26.9,9299,73.6,14.1,12.1,0.2,8.3
39061,OH,Hamilton,417408,173015,238101,19030,349,808703,389496,419207,3,65.9,25.6,0.1,2.4,0.1,600197,52389,17,24.8,41.4,17.7,23.6,5.8,11.5,79.8,8,3.8,2.9,1,4.5,23.2,394387,85.2,10.2,4.5,0.1,7
13273,GA,Terrell,4416,2004,2376,341,32,8978,4229,4749,2.7,35.5,60.6,0,0.2,0,6774,32219,35.3,57.1,21.5,17.6,26.2,13,21.7,78.7,13.5,0.4,3,0.7,3.7,24.9,3368,74.6,16,9.3,0,10.4
41055,OR,Sherman,1197,914,257,21,0,1635,864,771,4.5,91.7,0.8,0.8,0.1,0,1361,42074,13.7,13.8,32.8,15.1,19.5,15,17.5,70.3,10.1,0.3,6.6,2.1,10.8,22.3,753,66.7,20.1,12.7,0.5,4.9
39111,OH,Monroe,7066,5392,1597,201,18,14239,7140,7099,0.5,98.9,0.1,0,0.1,0,11225,43299,19.7,34.5,24.2,13.4,23.6,19.8,18.9,83.4,9.5,1.7,3.5,0.3,1.7,33.9,5341,79.4,13.4,7,0.1,5.9
45033,SC,Dillon,13101,6582,6436,1336,48,31073,14568,16505,2.7,46.1,46.4,2,0.3,0,22716,30866,30.6,45.3,21.8,18.8,24.9,9.2,25.2,73.3,20.8,0,1.4,0.9,3.7,23.7,11332,80.8,15,4.1,0,9.1
17065,IL,Hamilton,4316,3429,821,148,2,8259,4045,4214,0.3,98.9,0.6,0.1,0.1,0,6401,47293,13.9,18.5,30.2,18.6,21.6,14.4,15.3,79.3,11.8,1.9,1.9,0.8,4.2,27.7,3751,77.1,14.6,8,0.3,4
12071,FL,Lee,393854,233242,157672,23685,518,700165,342731,357434,20.2,68.4,8.2,0.2,1.5,0,515732,52052,14.9,24.9,30.4,21.7,27.7,11.8,8.3,79.9,9.7,0.8,1,2.9,5.6,27.2,287128,83.2,10.3,6.2,0.2,7.1
21163,KY,Meade,14110,10184,3632,422,4,28452,14477,13975,3.8,89.5,3.2,0.8,0.6,0,21436,53732,13.1,16.7,29.6,16,19.6,16.4,18.4,86.8,8.7,0.4,0.7,0.5,2.9,30.7,11827,75.7,20.8,3.5,0,8.2
13115,GA,Floyd,38588,27120,10972,4114,61,96471,46770,49701,10.6,71.4,14.4,0.1,1.5,0,69367,46096,18.1,24.9,29,20.3,22,10.4,18.3,82.3,8.1,0.5,2.7,1.6,4.8,22.3,41473,82.1,13.3,4.5,0.1,7.5
1129,AL,Washington,8861,6554,2253,774,12,16746,8342,8404,0.5,65.1,24.6,7.5,0.9,0,12796,42185,22,34.3,20.6,15.7,21.9,19.3,22.4,83.2,13.5,0,0.2,1.3,1.8,35.2,5710,79,15.6,5.2,0.3,11
16071,ID,Oneida,2451,2148,249,64,0,4284,2136,2148,4.2,93.7,0.1,0.4,0,0,2965,43491,12.6,20,30.3,16.5,15.1,16.3,21.8,77,14.2,0,4.1,0.8,4,24.6,1693,70.2,22.9,6.6,0.3,5.4
29127,MO,Marion,13370,9910,3201,1008,14,28703,13841,14862,1.6,90.2,4.9,0.2,0.7,0.1,21827,44098,18.4,24.8,30.3,18.6,20.6,12.3,18.2,83.8,7.3,0.4,3.1,1.3,4.2,18.6,13150,79.9,13.4,6.6,0.1,6.5
37105,NC,Lee,28851,16388,12076,2157,20,59805,29055,30750,19.3,58.2,18.9,0.7,1,0,40882,49272,17.5,25.6,29.9,17.1,21,11.4,20.5,84.4,11.1,0.3,0.9,0.5,2.7,24.7,26983,79.2,16,4.5,0.3,7.4
17031,IL,Cook,2123897,517811,1572859,193102,5500,5238541,2540704,2697837,25.1,42.7,23.4,0.1,6.9,0,3538445,59426,15.9,23,39.3,17.9,23.6,6,13.1,61.7,8.1,18.9,4.4,2.4,4.5,32.9,2521437,84.2,11.1,4.6,0.1,8.7
18155,IN,Switzerland,4152,3133,964,110,0,10617,5497,5120,1.4,95.7,0.8,0,0.5,0,7897,43468,19.7,26.9,16.6,23.2,19.9,18.4,21.9,79,12.9,0,1.2,1.1,5.7,37.4,4378,78.9,14.9,6.2,0,6.6
18017,IN,Cass,15185,10551,4301,2403,26,38248,19091,19157,14.6,81,1.4,0.3,1.5,0,26823,45558,13.9,20.6,23.4,17.2,18.6,11,29.8,84.3,9.9,0.6,1.5,1.5,2.2,20.6,17137,82.9,12.7,4.3,0.1,6.4
6091,CA,Sierra,1930,1142,730,6,0,2885,1488,1397,10.1,87,0.1,1,0,0,2419,44190,12.3,10.6,30.2,18.3,17.5,19.4,14.6,66.5,11.4,0,3.4,0.7,18.1,29.6,1149,47.6,35.1,15.1,2.3,5.3
48167,TX,Galveston,153843,93306,58247,12703,169,321184,158564,162620,23.9,58,12.5,0.3,3.3,0,225661,65702,13.9,19.7,41.1,17.6,22,9.4,9.9,80.9,10.5,0.9,2,1.9,3.7,28,149076,77,16.7,6.1,0.1,6.5
47007,TN,Bledsoe,5758,4725,971,1047,4,14413,8385,6028,2.1,89.2,4,1.1,0.3,0,11715,40450,20.7,26.3,25.5,15.1,18.8,19,21.6,76.6,13.8,0.6,3.9,1,4.1,30.4,5270,70.1,19.5,10.4,0,8.4
50023,VT,Washington,609,283,306,137,2,58691,28997,29694,1.9,94.4,0.8,0.3,0.6,0,46565,60602,11.8,18.1,44.7,15.6,22.2,9.3,8.2,74.8,9.3,1.1,6.1,1.4,7.2,22.9,31703,73.6,17.4,8.9,0.1,3.9
55061,WI,Kewaunee,12095,7927,3976,1176,8,20378,10331,10047,2.7,95,0.5,0.3,0.4,0,15626,60320,9.2,11.1,31.2,12.5,20,16,20.4,82,8.7,0.3,3.3,0.8,4.9,23,10520,82.9,9.5,7.5,0.2,3.5
26055,MI,Grand Traverse,60226,30502,28682,874,14,91222,44860,46362,2.7,92.6,1.1,0.9,0.6,0.1,71300,58229,9.7,11.5,36.7,18.4,25.8,7.7,11.3,80.4,9,1,2.3,1.9,5.5,20.5,45390,83.6,8.6,7.5,0.3,5.4
18173,IN,Warrick,33884,21324,11919,2212,66,61581,30490,31091,1.8,92.8,1.6,0.2,2.5,0,45709,66080,7.7,10.1,39.3,14.4,21.6,10.1,14.6,88.4,6.8,0.3,1,1,2.6,23.6,31003,85.3,10.4,4.1,0.2,3.4
48337,TX,Montague,9812,8613,1097,299,6,19406,9512,9894,10.7,86.3,0.2,0.3,0.1,0,14259,46592,15.5,21.7,26,15.1,22.8,18.9,17.3,83,10.3,0.6,1.6,0.4,4,24.3,7938,81.5,11.3,6.8,0.5,6.6
12123,FL,Taylor,10122,7748,2299,1496,18,22350,12547,9803,4.1,71.8,21.4,0.5,0.4,0.2,17778,37188,16.4,21.3,26.6,22.2,23.6,12,15.6,80.9,14.7,0,0.9,2.7,0.7,24.2,6861,72.2,21.2,6.6,0,5.9
39059,OH,Guernsey,17806,13077,4498,439,8,39414,19544,19870,1.1,94.8,1.2,0.2,0.3,0,30380,42744,20.2,33.5,27.3,17.6,22.6,12.5,20,86,7.3,0.3,1.7,1.5,3.3,24.4,16454,80,13.3,6.6,0.2,8.5
49025,UT,Kane,3869,2777,1005,0,0,7246,3656,3590,4.5,91.7,0.1,1.3,0.4,0.2,5526,50266,11.1,9.8,30.6,21.9,27.4,11.1,9.1,76.6,8.3,0,5.8,3.8,5.4,12.5,3152,71.5,21.3,6.1,1.1,4
20033,KS,Comanche,904,745,126,20,0,1741,841,900,8.4,90.8,0,0,0,0,1284,51563,8.1,15.2,38.8,17.4,18.4,15.4,10,84,6.7,0,4.3,0.6,4.3,13.4,923,71.2,19.1,8.3,1.4,1.8
21013,KY,Bell,10044,8140,1789,825,17,27469,13385,14084,0.3,94.5,3.3,0.1,0.2,0,21558,23558,38,49.3,24.6,19,22.4,13.7,20.3,75.8,15.6,0.1,2.9,2.6,2.9,20.6,7559,77.8,16.9,5.1,0.1,9
46061,SD,Hanson,2388,1793,557,110,1,3404,1714,1690,0,93.9,4.6,1.1,0,0,2316,62448,6.5,5.7,35.8,14.7,19.5,14.2,15.9,80,9.1,0.2,2.6,0.4,7.7,19.5,1638,74.4,13.9,11.3,0.4,0.4
13011,GA,Banks,8801,7795,932,574,8,18363,9245,9118,6.4,88.4,2.5,0.2,1.2,0,13533,42182,14.3,17.9,24.8,17,22.4,16.4,19.5,80.6,12.5,0,2,0.6,4.4,30.2,7796,80.5,11.6,7,0.9,6.6
1083,AL,Limestone,48754,34337,13510,3108,34,91695,45889,45806,5.8,77.2,13.1,0.7,1.2,0,68544,52831,14.8,20,36.1,15.5,21.5,11.3,15.7,88.3,7.5,0.1,0.5,0.8,2.8,25.7,38944,77.3,16.3,6.2,0.2,7.1
8051,CO,Gunnison,10887,3599,6976,322,7,16215,8795,7420,9.1,87.4,0.3,0.8,0.5,0.1,13020,52651,14.1,7.1,33.2,23.1,19.1,16.3,8.3,57.7,10.5,3,16.2,8.6,3.9,14.2,9429,71.7,18,9.2,1.2,7.3
40037,OK,Creek,30505,23294,6577,1651,39,70899,35142,35757,3.9,76.8,2.2,11.7,0.6,0,53042,47147,15.2,22.6,29.6,17.2,22.2,12.2,18.8,84.6,8.6,0.3,0.9,0.8,4.9,24.9,30227,81.6,13.1,5.1,0.2,4.2
46087,SD,McCook,2900,2068,769,302,1,5515,2784,2731,3.2,94.6,0.8,0.5,0,0,3964,60808,9.3,10.1,33.2,16.6,24,15.1,11.2,78.5,8.8,0.8,3.5,0.6,7.8,24.7,2882,75.8,9.9,13.8,0.6,2.5
39071,OH,Highland,19303,15369,3741,580,9,43031,21262,21769,0.9,95.5,1.2,0.2,0.4,0,32478,42333,21.6,32.4,27.4,15.4,19.4,12,25.7,81.4,11.1,0.5,2.2,0.9,3.9,29.2,17468,78.3,11.9,9.6,0.2,7.3
51113,VA,Madison,8129,5300,2698,145,3,13108,6369,6739,2.4,85,6.7,0,1.2,0,10223,52287,9.8,7.6,32.2,17.3,24.9,13.2,12.3,79.1,11,0.3,2.2,2.3,5.1,30.5,6097,70.7,18.3,11,0,5.6
5117,AR,Prairie,3465,2764,646,248,4,8309,4132,4177,0.6,85,13.4,0.4,0,0,6602,41244,16.8,23.4,28.1,15.7,19.5,12.3,24.4,78.7,11.5,0,2.2,2.7,4.9,26.8,3454,75.6,14.7,8.5,1.2,7.6
37147,NC,Pitt,86217,38515,46607,6331,41,176484,83309,93175,6,55.1,34.3,0.2,1.7,0,132495,43526,24.3,28.9,37.4,21.1,22.7,7.2,11.6,84,8.1,1.1,1.7,1.1,4,20.6,82142,77.2,18.5,4.2,0.1,10.1
21101,KY,Henderson,20688,12730,7639,1405,29,46252,22409,23843,2.4,87,7.1,0.1,0.4,0,35146,43458,19.3,27.9,28.6,17.3,22.6,10.4,21.1,86.9,7.8,0.5,1.6,0.8,2.4,20.8,20942,82.3,13.1,4.4,0.1,4.8
28041,MS,Greene,5748,4740,952,488,18,13801,8077,5724,1.1,72.1,25.6,0.2,0,0,10905,48029,15.1,13.2,34.9,10.7,20.7,17.9,15.8,81.8,13.4,0,0.9,2.9,1.1,33.9,3972,68.7,25.1,6.3,0,11.7
13247,GA,Rockdale,44686,13012,31244,2175,41,88482,41755,46727,10.2,34.6,51,0.1,2,0.2,62080,54175,16.3,24.5,34.1,17.3,24.3,8.7,15.5,77,14.6,1.6,1,1.4,4.3,29.5,38732,75.5,19.1,5.2,0.2,8.7
48435,TX,Sutton,1557,1222,322,114,3,3894,2127,1767,59.4,39.2,0.1,0,0,1,2658,60996,6.5,5.5,31.6,13,18.6,19.6,17.2,84.3,9.6,0,1.4,0.4,4.3,19.7,1827,75,13.7,11.1,0.2,5.9
56039,WY,Teton,14677,4341,9848,814,1,22923,12169,10754,15,81.5,0.5,0.3,2.2,0,16692,80049,6.8,2.8,39.4,25.4,17,11.7,6.5,68.3,6.7,3.8,11.7,3.8,5.7,14.3,14492,82.1,11.4,6.5,0,1.3
19121,IA,Madison,9806,6507,3134,397,3,15720,7870,7850,1.8,95.9,0.2,0,1.1,0,11541,60077,7.3,4.6,37.8,15.9,20,12.7,13.6,81,8.9,0.3,2.4,0.4,7,28.2,7971,81.3,12,6.7,0,5.2
55117,WI,Sheboygan,66003,37609,27101,5290,31,115094,57875,57219,6.2,85.1,1.6,0.2,5.4,0,86298,56114,8.2,10.8,30,16.3,21,8.1,24.6,83.5,7.4,0.3,3,1.8,3.9,18.2,59570,87,8.5,4.3,0.1,4.4
23017,ME,Oxford,2325,1456,807,179,2,57230,28290,28940,1.2,95.6,0.3,0.3,0.6,0,45561,44582,15.2,22.1,27.7,20.8,20.8,14.6,16,81.4,10,0.2,2.3,1,5,28.4,25524,77.8,12.1,9.8,0.2,6.3
21133,KY,Letcher,9135,7226,1799,323,2,23011,11267,11744,0.7,97.7,0.3,0.2,0.2,0,17967,30293,30.5,42.6,35.3,15.9,22.1,13.5,13.2,84.1,9.1,0.7,1.6,0.7,3.8,25.6,7058,75.3,19.8,4.6,0.3,12.2
41071,OR,Yamhill,57723,28933,26668,1043,15,102366,51188,51178,15.7,77.6,0.9,0.8,1.4,0.2,73373,58392,13.7,19.5,33,19.4,20.7,11.2,15.7,75.2,11.6,0.7,5.1,1.7,5.6,25.9,45842,81.2,11.8,6.8,0.2,6.6
40001,OK,Adair,7108,5585,1387,855,11,22136,10987,11149,6.4,40.8,0.3,41.7,0.6,0.2,16050,33366,30.8,43,23.9,17.6,19.4,14,25.2,84.4,8.5,0.1,2.8,1,3.2,23.1,8130,71.6,20.4,7.5,0.5,5.5
47039,TN,Decatur,5250,4229,904,689,11,11681,5744,5937,3.2,91.7,2.9,0,0.3,0,9127,36427,22.6,34.3,30,18.7,20.6,12.5,18.1,82.4,9.2,0.3,0.9,1.7,5.5,26.9,4497,67.4,20.6,11.4,0.5,9.7
28143,MS,Tunica,3494,912,2525,541,17,10276,4818,5458,0.7,19.5,78.5,0,0.9,0,7036,32052,27,39.6,22.9,32.7,23.4,4.1,17,86.7,8.2,0.8,2,1.6,0.6,21.5,4213,80.3,17.1,2.4,0.2,10.2
35006,NM,Cibola,8903,3975,4745,658,23,27049,13678,13371,38,20,1,39.2,0.4,0,19394,36089,28.5,40.2,28.1,26.9,22.5,12.1,10.4,69.7,13.3,0.4,3.1,6,7.5,23.4,9600,63.7,28.9,7.2,0.2,16
48361,TX,Orange,35974,29170,6354,2267,46,83909,41505,42404,7.1,81.4,8.3,0.3,1.1,0,61569,53667,14.2,18.7,29.4,15.7,23.3,14,17.5,86.6,8.4,0.2,1.7,1.4,1.7,23.9,36743,81.9,13.2,4.7,0.1,6
51107,VA,Loudoun,223599,82088,138372,8048,132,374558,185575,188983,13.5,57.7,7.2,0.2,17.1,0.1,231130,129588,3.7,3.6,57.3,13.2,19.9,4.5,5.1,77.2,9.2,3.7,1.7,1.1,7,33.7,201528,78.7,16.8,4.4,0.1,3.8
28005,MS,Amite,5974,3781,2114,436,13,12574,6133,6441,0.2,57.3,42,0,0.3,0,9902,30129,22.8,29.5,24.4,19.2,16.5,19.2,20.6,81.2,12.1,2.2,0.4,1.4,2.7,37.1,4550,71.8,17.3,10.2,0.7,10.8
28137,MS,Tate,12923,8619,4122,1268,39,28333,13879,14454,2.5,64.8,30,0.1,0.3,0.1,21279,46233,19.3,28.4,28.9,15.4,23.5,14.3,17.9,84.7,10.4,0,1.1,1.2,2.5,32.1,11649,82.5,13.6,3.8,0.1,7.7
19143,IA,Osceola,3325,2688,600,319,0,6149,3099,3050,7.4,90.4,1.3,0,0.1,0.1,4509,53604,11.4,18.6,32,16.5,16.5,18.9,16.1,78.1,11.3,0.2,3.6,1.6,5.2,19.1,3197,75.7,11.4,12.7,0.2,1.7
46029,SD,Codington,13161,8958,3837,1666,15,27963,14163,13800,2.1,93.2,0.5,1.7,0.6,0,21007,52025,11.7,12.5,27.4,15.7,27.9,10.2,18.7,83.9,7.6,0.3,2.1,0.8,5.4,14.4,15522,81.5,11,7.2,0.3,2.5
29205,MO,Shelby,3355,2699,592,112,1,6084,3053,3031,1.7,95.9,2,0,0.1,0,4624,42593,15.5,27.5,27.7,15.7,21.1,18.1,17.4,77.1,8.1,0.3,5.8,0.5,8.2,21.5,2938,74.6,12.4,12.9,0.2,4.8
13199,GA,Meriwether,10877,6524,4287,599,16,21152,10134,11018,2.1,56.3,38.4,0.2,0.6,0,16365,36368,22.7,31,23.7,16,19.8,16.5,24,80.4,14,0.6,1.9,1,2.1,33,8165,75.2,16.8,7.6,0.5,8.1
48217,TX,Hill,14843,11869,2829,858,16,35098,17374,17724,20,71.3,6.3,0.2,0.3,0.2,25134,45970,17.5,27,26.2,18.8,22.7,14.2,18.1,79.9,12.3,0,1.4,1.7,4.6,28.5,14579,78,14,7.8,0.3,8.1
39045,OH,Fairfield,81564,49714,30634,3097,58,151526,75440,76086,2,87.1,7.1,0.1,1.6,0,112986,63424,9.9,12.9,36.5,17,25.1,8,13.4,85.4,8,0.4,1.5,0.9,3.9,28.3,71254,80.1,15.1,4.6,0.2,5.1
45071,SC,Newberry,18631,11443,6958,1703,54,37914,18494,19420,7.3,59.8,31.6,0.3,0.2,0,28217,39600,19.8,32,25.1,18,22.1,12.1,22.8,87.6,7.3,0.1,2.7,0.1,2.2,24.6,16259,79.3,16,4.6,0,8.1
36087,NY,Rockland,116024,63830,50926,18265,684,325027,159227,165800,17.3,63.2,11.5,0.1,6,0,207456,88571,14.2,24.4,44.3,19.3,23,6.7,6.7,70.3,11,8.6,3.4,1.7,5,31,149868,78.6,15.7,5.6,0,6.3
30077,MT,Powell,3187,2347,752,183,0,6852,4243,2609,2.1,90,0.6,4.2,1.1,0,5859,44352,14.6,24.7,40.7,20.5,13.6,15.9,9.3,71.6,7.1,0.1,6.5,0.6,14.3,21.8,2552,63.6,25.4,10.9,0.2,1.5
31123,NE,Morrill,2558,2113,386,134,0,4903,2460,2443,15.4,82.1,0.8,0.5,0.1,0,3565,44201,9.4,11.4,28.9,17.3,21.3,20.7,11.8,73.2,11.6,0.3,4.6,1.1,9.1,17.8,2417,68.5,20.9,10.2,0.5,3.7
27043,MN,Faribault,7892,5191,2531,268,0,13966,6975,6991,6.4,91.6,0.2,0.1,0.3,0,10700,50847,11.5,16.4,32.7,15.4,19.8,13.8,18.2,80.1,8.3,0.2,4,0.8,6.6,18.8,7091,76.2,11.3,12.1,0.5,2.8
20165,KS,Rush,1748,1425,291,98,0,3119,1540,1579,3.1,94.3,0,0.2,0.6,0,2471,43594,6.7,2.2,35.1,18.9,19,15.1,11.8,74.9,9.9,0,5.4,1.6,8.2,19,1505,59.3,24.3,15.6,0.8,4.9
46067,SD,Hutchinson,3767,2944,762,252,2,7277,3616,3661,1.9,95.1,0.4,1.4,0.2,0,5474,49583,13,17.1,35,16.1,20.3,15.3,13.3,71.9,5.3,0,7.9,2.3,12.7,16.6,3592,70.7,11.7,17.2,0.4,5.3
30079,MT,Prairie,744,603,126,33,0,1325,681,644,1.3,98.6,0,0.1,0,0,1021,50850,10.1,13.8,44.1,13.6,16.5,19.2,6.7,60.7,8.8,0,11.7,1.3,17.6,12.8,626,44.9,28.6,24.4,2.1,2.5
48367,TX,Parker,75434,61584,12789,2528,52,125963,62545,63418,11.5,84.4,1.3,0.5,0.5,0,91539,70608,9.2,12.7,38.3,14,24.3,12.1,11.3,82.8,9.5,0.2,1,1.5,5.1,31.7,58626,76.6,14.6,8.5,0.3,5.5
28075,MS,Lauderdale,30811,17812,12668,2658,135,78221,38002,40219,2.2,53.1,42.8,0.1,0.7,0,58785,41340,21.5,33.4,34,16.9,25.6,10.8,12.6,83,11.3,0,2.7,1.7,1.2,19.8,32021,77.6,17.3,4.6,0.5,7.2
48037,TX,Bowie,38194,27053,10692,2040,77,93635,47173,46462,7.4,64.5,23.9,0.8,1,0,69154,46283,17.9,26.4,31.9,18.8,24,11.2,14.2,88.6,5.9,0.3,0.9,1.8,2.5,17.9,36668,77.7,18.1,4.2,0,7.3
36113,NY,Warren,27625,15200,11811,468,33,64701,31717,32984,2.4,94.2,1.1,0.2,1,0.1,51635,60222,9.9,13,35.7,20,24.9,8.1,11.2,82.2,8.6,0.9,3.3,1.6,3.4,22.8,32518,75,17.7,7.3,0.1,4.8
4013,AZ,Maricopa,2063663,993691,1038364,159781,3606,4155501,2055464,2100037,30.6,56.3,5.1,1.5,3.9,0.2,2778337,58580,15.7,22.5,37.4,18.1,26.7,8.4,9.5,76.4,10.9,2.2,1.5,2.5,6.4,25.8,1929015,82.8,11.1,5.9,0.1,6
8019,CO,Clear Creek,6290,2618,3495,93,1,9257,4752,4505,6.1,89.9,0.9,0.1,0.9,0.2,7523,68534,6.8,7.7,37.5,17.8,24.2,12.9,7.6,66.3,11.2,0.5,4,3.1,14.9,30.3,5248,67.7,18.9,13.1,0.2,3.2
6099,CA,Stanislaus,195857,94152,97430,17979,401,535684,264824,270860,45,43.4,2.5,0.4,5.4,0.6,331295,54260,17.2,23.2,27.2,18,23.8,14.4,16.7,80.5,10.9,0.8,1.5,1.7,4.6,28.2,219505,79.4,13.8,6.7,0.2,11.8
29159,MO,Pettis,19069,13835,4776,1795,24,42309,20777,21532,8.6,85.3,2.8,0.1,0.6,0.1,30029,43097,17.2,22.8,27.9,18.6,20.8,10,22.7,83.7,9,0.6,1.8,0.5,4.3,18.3,18739,82.1,10.6,7.2,0.2,5.8
13321,GA,Worth,9286,6831,2395,612,35,20809,10171,10638,2,67.4,28.2,0.5,0.3,0,15850,40369,21.5,32,27.1,16.5,23.2,15.3,17.8,87.1,6.6,0,0.3,1.4,4.6,26.3,8153,75.6,17.1,7.3,0,9.7
17155,IL,Putnam,3345,1978,1309,107,0,5771,2957,2814,5.3,92.4,0.3,0,0.4,0,4532,64741,8.9,20.2,31.8,17.5,16.7,13,21,88.1,6.7,0,1.7,1,2.5,23.7,2983,81.8,12.6,5.7,0,5.2
48249,TX,Jim Wells,13507,7389,6025,1726,52,41318,20134,21184,80.2,18.3,0.5,0.1,0.6,0.1,28280,41103,23,32.4,28.6,18.8,20.3,17.1,15.2,83.8,9.6,0,2.6,1,3.2,28.6,16282,78.5,13.1,8.4,0,5.3
48295,TX,Lipscomb,1351,1203,131,74,1,3495,1880,1615,29.9,66,0.4,0.7,0.7,0,2216,59583,10.5,13.5,31.6,10.5,17.7,19.2,21.1,85.3,8.4,0,3.4,0.4,2.5,20.2,1653,68.8,17.8,13.1,0.3,5.2
48043,TX,Brewster,4805,2451,2251,256,5,9220,4464,4756,44.2,51.7,0.1,1.7,1.1,0,7083,38906,10.9,7.6,35.8,26.3,18,11.3,8.6,71.3,19.3,0,2.7,1.9,4.8,13.8,4151,57.2,33.7,7.4,1.7,7.1
6027,CA,Inyo,9147,4436,4495,241,15,18195,9172,9023,21.4,63.5,0.9,10.8,1.5,0.2,13620,51500,10.2,13.3,31.5,23,22.4,14.5,8.7,69.4,12.5,1.3,7.2,5.2,4.5,16.9,8275,61.5,30.1,8.4,0,5.2
5059,AR,Hot Spring,12503,9178,3053,2297,37,33480,17294,16186,3.4,82.8,10.9,0.3,0.3,0,26167,40626,15.8,19.7,30.4,17.9,22.2,13.8,15.7,84.3,11.8,0.6,1.4,0.5,1.4,26.1,13378,79.3,15.3,5.1,0.4,6.2
17025,IL,Clay,6896,5626,1129,350,14,13393,6602,6791,1.4,96.4,0.7,0.1,0.7,0,10402,47427,14,17.8,24.5,15.1,19.8,13.1,27.5,85.4,8.5,1.1,1.2,1.3,2.5,20.6,6348,81.5,11.8,6.7,0,5
16081,ID,Teton,6347,2858,3318,305,2,10776,5692,5084,17,81.1,0.2,0.2,0.1,0,7158,55986,8.3,11.4,35.1,24.1,16.4,17.8,6.6,70.2,16.7,0.9,2.2,1.6,8.3,27.9,5607,80.3,11.3,8.4,0,6.2
8073,CO,Lincoln,2630,2118,467,25,0,5520,3522,1998,22.7,66.4,9,1,0.2,0.3,4226,44725,14,15.1,37,22.4,23.6,9.4,7.6,72.3,11.6,0,5.1,2,9,17.3,1453,55.5,29.1,14.5,0.9,3.7
37049,NC,Craven,52826,30943,21098,2441,62,103374,52488,50886,7.1,66,21,0.5,2.8,0,78048,49391,15.4,25.7,33.1,20.4,22,12.1,12.5,81,11.1,0.2,2.9,1.8,3.1,21.6,40286,72.2,22.9,4.7,0.1,8.1
54003,WV,Berkeley,49146,32062,16075,1692,18,111610,54961,56649,4,84.6,7.2,0.1,1.1,0.1,83250,59480,13,18.8,33.9,17.2,24.3,9.5,15,82.6,11.6,0.8,1,0.2,3.8,31.2,52254,74.2,21.8,3.7,0.2,8.3
17119,IL,Madison,135686,75272,56845,7751,160,266153,129987,136166,3.1,85.5,8.4,0.2,0.9,0,204598,56536,13.5,18.2,34.9,17.8,24.5,8.8,14,85.5,6.8,1.8,1.3,0.7,3.8,24.8,125596,83,12.9,4,0.1,7.4
30033,MT,Garfield,813,764,41,30,0,1086,560,526,0.2,99.8,0,0,0,0,861,47188,5.1,1.8,53.3,8.9,16.8,16.1,4.9,66.7,3.8,0.5,8,2.6,18.3,12,576,41.7,18.2,36.8,3.3,0
28003,MS,Alcorn,15639,12689,2741,1130,12,37242,18345,18897,3,83.2,11.7,0,0.3,0,27984,38919,19.6,24.1,29.2,14.9,22.8,10.6,22.5,85.9,10.6,0.3,1,0.5,1.7,22.4,14884,81.1,13.9,5,0.1,8.6
1091,AL,Marengo,10882,5337,5476,1066,23,19743,9235,10508,0.4,45.1,54.1,0.1,0,0,15131,32255,25.6,36.5,29.6,17.6,20.5,11.4,20.9,88,5.7,0,1.2,2.3,2.8,25.5,6645,77.6,17.1,4.5,0.8,12.8
54085,WV,Ritchie,4283,3649,586,53,0,10005,5005,5000,0.3,98.6,0,0,0,0,7968,41497,18.5,26.7,20.2,21,21.6,15,22.2,85.9,8.6,0.2,2.1,1,2.2,25.6,3734,77.3,18.9,3.9,0,8.5
13205,GA,Mitchell,8963,4935,3995,850,46,22574,11748,10826,4.4,46.3,47.5,0.1,0.3,0.1,16796,34122,27.1,39.5,27.2,19.3,21.5,10.4,21.6,77.8,16.4,0.1,2.2,1.7,1.8,23.5,7927,74,18.7,7.1,0.2,15.2
54025,WV,Greenbrier,15850,10925,4655,217,4,35523,17349,18174,1.7,92.7,2.6,0,0.2,0,28294,40483,17.8,24.2,33.1,21.4,22,10.2,13.2,80.3,11.9,0.4,3.2,0.8,3.4,25.2,13947,78.3,15.1,6.5,0,6.8
55129,WI,Washburn,10371,6332,3867,267,2,15638,7716,7922,1.7,94.6,0.5,1.2,0.5,0,12572,46592,13,20.9,30.2,18.2,21.6,12.2,17.9,80.5,8.4,0.5,2.6,1.3,6.6,22,7011,75.1,15.5,9.3,0.2,5.1
40089,OK,McCurtain,11467,9485,1858,1671,41,33026,16268,16758,5.7,63.1,8,12.8,0.6,0.8,24218,34250,23.6,32.2,23.3,18.7,19.9,14.7,23.4,84.9,10.9,0.7,1.3,1.2,1,21.8,12423,78.7,13.9,7.3,0.1,5.7
46095,SD,Mellette,769,449,298,94,1,2062,1017,1045,5.2,41.1,0,53,0,0,1423,31165,42.6,61.5,42.9,17.8,12.6,15.4,11.2,69.6,9,0.3,10,0,11.2,21.9,680,36.5,44.3,19.3,0,6.6
37073,NC,Gates,5944,3354,2540,169,3,11601,5662,5939,0.7,62.5,32.9,0.9,0.4,0,9077,52481,12.4,21.4,29.2,16.6,19.2,12,23,84.9,11.4,0,0.5,1.5,1.7,36.5,5012,71.8,23.5,4.8,0,8.8
55081,WI,Monroe,22564,13775,8432,1267,8,45303,22893,22410,4.2,91.2,1.5,0.9,0.8,0,33266,56479,12.6,19.3,27.8,17.7,22,10.8,21.7,82.3,7.7,0.2,3.2,1.9,4.6,19.8,21433,72.4,20.3,7,0.3,4.7
48305,TX,Lynn,2293,1853,428,198,6,5785,2957,2828,47.2,49.3,1.3,0.5,0.3,0,4001,44922,18,26.9,31.1,14.3,24.7,19.8,10.1,76,18.4,0.1,2.8,0,2.7,19.1,2419,74.8,16.1,8.8,0.3,8.1
1051,AL,Elmore,40891,30089,10304,3314,59,80989,39357,41632,2.9,73.4,21.2,0.3,0.6,0,61966,54981,13.5,20.4,34.8,13.2,26.3,11,14.7,86.2,10.2,0.1,0.6,0.6,2.2,28,33054,72.9,21.4,5.6,0.1,7.3
55031,WI,Douglas,24677,10923,13218,843,1,43503,21734,21769,1.5,91.9,1.2,1.7,1,0,34319,50730,14.2,17,31.7,21,22.5,9.5,15.3,79.6,9.8,1.6,3.5,1.6,3.9,22.3,21594,82.3,13.4,4.2,0.2,5.6
17175,IL,Stark,2881,2000,814,102,3,5551,2739,2812,1.4,96.1,0.7,0,0.8,0,4295,52284,14,25.6,35.5,16.9,18.8,11.8,17,78.7,8.5,0.5,3.4,1,7.9,24.7,2583,77.1,11.1,10.4,1.4,4.8
8063,CO,Kit Carson,3792,3084,644,139,3,7846,4392,3454,19.2,76.3,3.2,0.1,0.4,0.5,5476,45881,11.5,16.3,30.4,18.3,22.7,21.7,6.9,74.5,11.2,0.8,5.2,1,7.3,12.1,3632,66,22.5,11.2,0.3,5.3
13157,GA,Jackson,37670,29497,7642,2473,42,63851,31539,32312,7.1,82.4,6.7,0.1,1.7,0,45830,57999,12.5,14,32.3,15.8,25.1,10,16.8,85.5,8.8,0.2,0.2,1,4.3,30.8,28016,78.8,14,6.8,0.5,6.5
40055,OK,Greer,1973,1605,328,159,8,6018,3463,2555,11,75.4,8.4,2.6,0,0,4816,35898,19.2,23.7,30.3,22,21.8,14.9,11,84.3,8.3,0,1.8,1,4.6,20.9,2137,62.1,27.9,9.8,0.2,6.6
31097,NE,Johnson,2227,1517,646,116,0,5200,3087,2113,9.9,80.8,6.8,0.7,0.9,0,4090,49564,10.1,10.3,36.1,21.4,17.2,10.3,15.1,76.1,11.5,0.2,4.6,1.6,6,22.1,1998,60.8,25.8,12.9,0.5,2.2
35019,NM,Guadalupe,2179,912,1229,46,1,4426,2645,1781,82.1,15.1,1.3,1.3,0,0,3575,26060,13,19.8,32.2,31,27.7,7.5,1.5,81.8,9.2,0,2.4,3.4,3.1,18.3,1374,52.3,42.6,5.2,0,1.5
51019,VA,Bedford,48484,35600,12176,1308,18,77319,38012,39307,2,88.2,7,0.1,1.3,0,60597,59405,8.9,10.6,34.9,16.5,24.1,9.9,14.7,83.8,9.2,0.2,1,1.4,4.3,26.9,36735,81.7,13.2,5,0.1,4.4
12125,FL,Union,6251,5133,1053,1147,45,15300,9922,5378,5.4,69.9,21.9,0.7,0.5,0,12093,37460,21.4,32.3,24.7,29.4,18.6,10,17.3,78.7,10.9,1.2,3.3,1.7,4.2,22.4,3800,61.3,32.9,5.5,0.2,9.8
55095,WI,Polk,26371,16611,9370,664,3,43328,21809,21519,1.9,95.3,0.3,1,0.4,0,33749,53551,9.9,13,29.4,16.1,20.1,12.4,22,81.2,9.5,0.1,2.9,1.2,5.2,29.1,21257,80.3,11.5,7.7,0.5,4.8
31007,NE,Banner,410,362,43,4,0,728,356,372,7.8,89.4,0.5,0,0,0,554,55000,8.9,10.5,52,5.5,17.3,13.8,11.3,62.5,10.9,0,5.1,0,21.5,24.8,398,50.3,24.6,25.1,0,3.2
48477,TX,Washington,17410,12949,4254,719,50,34667,17199,17468,15.5,64.5,17,0.3,1.8,0.1,25423,55793,13.2,20.8,32.7,16.2,23.7,10.9,16.5,85.8,8.7,0.1,1,0.9,3.5,21.5,14897,74,15.9,10.1,0,6.2
17019,IL,Champaign,93019,34774,55173,6824,28,207946,103843,104103,5.7,68.3,13,0.1,10.3,0.1,152566,49586,21.4,18.8,45.3,17.8,20.8,5.6,10.5,69.4,8.4,6.5,7.8,3.3,4.4,17.9,103099,67.5,27.3,5.1,0.1,5.2
12113,FL,Santa Rosa,106857,77349,27582,6021,88,166778,85374,81404,5.2,82.9,5.8,0.5,1.9,0.1,126537,62731,11.3,16.1,37.7,15.9,26,10.9,9.4,83.2,9.9,0.1,0.5,1.1,5.1,28.7,70810,77.7,16.4,5.8,0.1,6.3
51059,VA,Fairfax,596358,168401,419943,24233,605,1142004,565593,576411,16.2,51.7,9.3,0.1,18.8,0,724787,117515,6.1,7.9,56.6,14.7,18.4,5.7,4.7,71.1,9.4,9.6,1.9,1.7,6.3,32.1,609859,73.6,20.8,5.5,0.1,4.5
56005,WY,Campbell,19566,16975,1935,1190,3,48116,25001,23115,8.4,87.7,0.3,0.8,0.5,0,33763,80178,9.4,12.6,26.5,14.2,21.7,22.6,15,80,10.2,2.5,1.9,1.9,3.6,20.7,25511,80.1,14.8,4.9,0.2,4.6
42011,PA,Berks,198260,105941,89530,9648,425,415500,204283,211217,19.6,73.2,4.1,0.1,1.4,0,307824,59580,13.6,21.4,31.8,16.7,23.3,8.7,19.4,79.8,9.8,1.6,3.3,1.6,3.9,24.9,201177,85.7,9.1,5.1,0.1,7.3
17133,IL,Monroe,21024,14046,6489,1068,32,33739,16585,17154,1.5,96.5,0.4,0.1,0.7,0,25840,74410,5.3,5.5,41.1,14.8,24.6,10.1,9.4,84.6,7.3,0.3,1.2,0.7,5.9,28.4,17657,83.7,11.9,4.3,0.1,4.4
47013,TN,Campbell,14929,12330,2438,1133,13,39824,19411,20413,1.2,96.6,0.5,0.3,0.4,0,31601,35377,20.6,31.1,23.5,17,24.1,15.7,19.7,84.9,11.6,0.1,0.9,0.3,2.3,27.1,15080,77.9,14.7,7.3,0.1,8
20111,KS,Lyon,13622,7381,5878,1377,41,33302,16165,17137,20.9,71.6,2.1,0.2,2,0,23641,42992,18.6,20,30.9,18.5,19.8,11,19.8,78,12.5,0.6,3.8,1.5,3.6,17,17399,74.1,20.2,5.6,0.1,5.8
1005,AL,Barbour,10457,5605,4772,1061,9,26201,13976,12225,4.2,45.7,47.8,0.2,0.6,0,20269,33368,27.2,44.9,25,16.8,22.6,11.5,24.1,83.4,11.1,0.3,2.2,1.7,1.3,23.4,8878,74.1,19.1,6.5,0.3,12.4
17197,IL,Will,330593,149695,174226,20657,445,687727,341719,346008,16.8,64.7,11,0.1,5.2,0,472786,80782,7.4,10.6,36.6,16,24.9,8.6,14,84.4,5.8,3.8,0.7,1.1,4.2,32.9,342710,85.7,11.2,3,0.1,6
55139,WI,Winnebago,94160,47796,44060,9438,67,169540,85384,84156,3.9,89.3,2.1,0.6,2.6,0,131718,55128,12.2,16,31.4,17,24.4,7,20.2,85,6.9,0.8,2.4,1.3,3.5,18.2,87905,84.6,11.6,3.8,0.1,3.6
51195,VA,Wise,16584,13366,3110,712,10,39539,20612,18927,1.2,91.7,5.3,0.1,0.5,0.1,31378,38255,19.9,27,34.2,17.4,22.7,12.3,13.4,84.9,10.4,0.8,2,0.1,1.9,22.4,13321,74.9,22.8,2.3,0,9.6
16007,ID,Bear Lake,3215,2814,350,77,1,5942,2928,3014,4.1,93.7,0.8,0.2,0.7,0,4295,50603,14.5,21.6,23.1,20.2,24.2,18.6,13.9,71.6,16.8,0.3,3.8,1.1,6.4,23,2523,75.6,14.5,9.4,0.4,3.7
42111,PA,Somerset,40062,31105,8543,474,3,75619,39289,36330,1.4,94.6,2.6,0.1,0.4,0,61414,46132,12.7,20.6,28.3,19.6,20.8,12.6,18.7,81.7,9.4,0.1,2.8,1.2,4.8,24.2,32886,80.6,11.4,7.3,0.6,6.1
37057,NC,Davidson,84785,62143,21483,3874,44,164118,80121,83997,6.9,80.8,9.1,0.3,1.5,0,122515,45806,15.8,22.3,27.7,15.8,24,10.6,22,85.2,9.7,0.4,1.2,0.8,2.7,24.8,73207,82.9,11.1,5.8,0.2,8.2
8089,CO,Otero,9459,5696,3552,182,7,18325,8957,9368,41.5,54.5,0.7,0.5,1,0.9,13236,35051,22.9,29.8,35.1,20.6,20.1,11.4,12.9,79.4,10.4,0.1,3.8,1.3,5.2,16.2,7177,66.7,24,8.9,0.5,9.3
19047,IA,Crawford,7146,4854,2220,1415,15,17131,8878,8253,27.4,67.5,1.2,0.6,1.9,0.1,10873,51091,18.5,24.1,25.9,12.6,16,12.2,33.3,79.2,9.6,0,3.5,3.5,4.1,16.3,8112,80.1,11.8,7.9,0.3,6.2
39033,OH,Crawford,20222,15043,4831,609,8,42231,20626,21605,1.5,95.7,0.9,0.1,0.4,0,32760,41726,16.2,26.1,27.5,18.9,20.2,8.1,25.3,84.4,9.3,0.3,2.7,1.1,2.2,20.8,18534,83.2,11.4,5.4,0,6.4
48017,TX,Bailey,1854,1430,407,311,5,7098,3678,3420,62.7,34.6,1.5,0.1,0.9,0.2,3916,43523,22.3,33.8,22.9,20.7,17.4,24,15,69.6,8.2,0,5.9,7.7,8.6,16.5,3157,77.1,11.8,10.4,0.8,2.2
5071,AR,Johnson,9402,6867,2262,1063,8,26155,12977,13178,13.7,80.3,1.6,0.2,1.6,0.1,18153,35758,22.5,31,25.9,15,21,12.7,25.5,77.8,12.3,0.4,1.7,2.3,5.6,20.5,10427,79.2,14.5,6.2,0.1,4.7
37077,NC,Granville,31605,16651,14568,2069,50,58503,29686,28817,7.6,58.2,30.6,0.5,0.4,0,44883,52089,14.3,18.4,33.3,17.4,21.9,10.3,17,84.6,10.6,0,0.9,1,2.9,28.6,25650,75.2,20.3,4.3,0.2,6.6
20123,KS,Mitchell,3039,2454,547,63,0,6230,3199,3031,2.2,95.6,0.7,0.4,0.5,0,4823,44591,14.8,17.6,39.2,11.5,19.6,16,13.7,87.4,4.2,0.2,4.6,1.4,2.3,9.6,2868,74.4,14.6,10.7,0.3,3.8
51057,VA,Essex,6171,3075,3038,201,2,11083,4899,6184,3.4,54.9,37.8,1,0.2,0,8666,50629,12.3,15,26.9,15.5,30.2,13,14.5,85.2,5.7,0.2,3.2,2,3.7,35,5272,75.7,18.9,5,0.3,5.6
47101,TN,Lewis,5604,4473,1068,481,6,11944,5864,6080,2.2,93.5,1.2,0,2.7,0,9254,37092,22.1,33.1,27.3,17.4,23.1,11.6,20.6,72.6,17.6,0.6,1.2,3.5,4.5,26.2,4772,77.4,11.6,11,0,4
51021,VA,Bland,3475,2903,532,79,5,6524,3617,2907,0.5,94.3,4.8,0,0,0,5455,46927,8.3,13.5,23.7,21.4,29.8,5.4,19.8,88.9,5.2,0.6,0.8,1.8,2.8,32.8,2578,76.6,18.8,4.6,0,6.7
12009,FL,Brevard,360666,207857,148479,11780,375,568183,277666,290517,9.7,75.3,9.8,0.3,2.4,0.1,445123,51536,13.4,19.4,38.4,19.1,24.7,8.5,9.4,81.6,8,0.6,1.1,2.7,6,24.5,239195,81.6,13.1,5.2,0.2,7.6
51197,VA,Wythe,15046,11733,3143,353,7,29048,14200,14848,1.1,94,3.2,0.1,0.7,0,23069,46119,15.2,19.9,28.8,20.9,22.8,8.3,19.2,83.3,10.6,0.4,1.5,0.8,3.4,23.4,13014,75.2,18.9,5.8,0.2,6.2
20177,KS,Shawnee,84061,39890,42032,3647,84,178392,86487,91905,12,74.5,7.6,0.6,1.2,0,130844,54667,13.2,17,38.2,16.8,23.6,8.7,12.8,83.2,9.7,0.9,1.9,1.4,2.9,18,84423,75.8,19.9,4.2,0.1,5.4
12079,FL,Madison,9380,5576,3747,1084,25,18518,9804,8714,5.1,54.4,38.8,0.2,1,0,14568,31816,31.9,51.4,27.6,18.4,26,9.7,18.3,82.3,9.6,0,3.1,2.2,2.9,27,5985,67.1,27.2,5.3,0.4,8.1
48313,TX,Madison,5289,4165,1084,771,7,13979,8649,5330,22.4,55.8,17.4,0.1,1.1,0.2,10426,44004,15.4,18.5,28.6,23.2,19.7,14.9,13.6,76.3,12.6,0,7.3,0.6,3.3,23.4,4249,67.2,21.2,10.8,0.8,3.1
21033,KY,Caldwell,6436,4905,1432,306,0,12747,5973,6774,1.3,91.1,6.8,0,0,0,9895,46182,17.5,22.4,29.2,13.2,21.2,11.7,24.7,81.1,9.3,0.5,2.4,5.6,1.2,22.4,5330,75.6,15.2,8.3,0.8,6.9
13221,GA,Oglethorpe,8131,5593,2436,432,13,14654,7362,7292,4.1,75.9,18,0.1,0.3,0,11190,43938,17.6,30.6,30.4,13.6,19.3,13.7,23,85.6,9.1,0.2,0.7,0.6,3.8,28.5,6390,70.9,23.7,5.5,0,5.8
20009,KS,Barton,10961,8480,2302,803,7,27067,13445,13622,14.5,82,1.1,0.3,0.1,0.2,19342,46070,15.7,21.7,29.1,17.7,23.4,14.2,15.6,82.2,10.9,0.7,1.8,0.9,3.5,17.9,13580,77.1,15.2,7.5,0.2,4.2
23009,ME,Hancock,1486,778,659,74,1,54468,26394,28074,1.3,95.1,0.8,0.4,1,0.1,44004,51438,11.6,14.9,34,20.8,20.7,15.3,9.1,73.6,12.6,0.7,5.2,1.4,6.5,23.1,26527,72.5,12.6,14.8,0.1,5.7
48281,TX,Lampasas,10373,8070,2134,315,9,20473,10144,10329,19.2,72.9,3,0.4,1.1,1,15176,54467,12,14.9,32.4,20.4,20.3,15.4,11.5,76.5,14.8,0.2,2.7,3.1,2.7,27.4,8612,70.3,21.8,7.7,0.1,7.4
53067,WA,Thurston,161987,63087,94076,1694,33,269885,132099,137786,8.5,75.8,2.8,1.3,5.6,0.8,202828,66113,11.6,14.5,41.9,16.2,23.9,8,10.1,79.5,9.4,1.8,2.2,2.4,4.8,25.6,122976,63.9,29.9,5.9,0.2,7.7
6025,CA,Imperial,38727,13401,24551,13038,338,179957,91963,87994,83.4,11.3,2.3,0.6,1.3,0.1,100556,44779,23.8,31,24.4,24.3,24.7,13.4,13.1,81.4,8.8,0.8,1.9,2.6,4.4,20.8,59757,67.9,26.2,5.7,0.2,16
29089,MO,Howard,5089,3552,1412,273,2,10144,5069,5075,1.4,90.8,5.1,0.5,0.2,0.1,7860,50356,16.4,24.5,35.1,19.2,19.5,12.3,13.9,77.8,10.4,0.5,2.3,1.8,7.2,23.3,4804,72.1,17.2,10.7,0,4.6
47089,TN,Jefferson,23562,18609,4645,1636,24,52887,25886,27001,3.5,92.5,1.8,0.2,0.6,0,40981,45641,13.8,18.2,26.2,19.1,23.5,10.4,20.7,78.3,14.2,0.3,1.6,0.9,4.7,25.8,23110,77.3,15.2,7.5,0.1,6.2
48205,TX,Hartley,2076,1866,195,179,0,5821,3524,2297,26.2,59.6,8.4,0,1.4,0,4159,64427,8.1,11.4,38,14.1,18.1,17.3,12.6,84,8.3,0,2.3,0.8,4.7,11.9,2049,76.2,13,8.8,2,1.2
19049,IA,Dallas,55847,27987,26879,3776,49,80864,39934,40930,6.1,86.2,1.3,0.1,4.2,0.1,54705,82719,5.4,5.2,51.1,11.4,23,5.7,8.8,85.8,7.1,0.2,1.3,0.6,5,21.1,44329,83.7,11.9,4.3,0.1,2.4
13137,GA,Habersham,20432,16637,3563,1909,78,43878,20824,23054,14.2,77.3,3.1,0.1,2.3,0.2,31448,44474,17.2,22.6,27.3,16.4,22.9,12.4,21,82.6,11.4,0.7,1.6,1.5,2.2,26.9,17338,79,13.9,6.9,0.2,5.5
26161,MI,Washtenaw,216924,56241,157130,5800,119,361509,178949,182560,4.5,70.6,11.7,0.2,8.7,0,269886,65618,14.5,12.7,52.6,15.7,18.4,4.4,8.8,72.2,7.7,5.2,6.5,2.5,5.9,23.7,183919,77.7,17.6,4.6,0.2,5.4
54075,WV,Pocahontas,4008,2895,1047,73,0,8574,4467,4107,1.6,95.6,0.9,0,0,0,7042,37111,17.6,36.4,31.8,21.1,17.4,17.8,12,78.1,11.8,0.7,2.9,0,6.5,27.3,3518,65.2,26.4,8.2,0.1,6.3
18005,IN,Bartholomew,36299,22409,12934,1597,59,81024,40688,40336,6.5,83.2,1.7,0.2,6.3,0.1,55538,57331,12.4,18.2,40.7,14.4,18.9,6.4,19.5,85.1,8.6,0.6,1.3,1.7,2.7,19.6,39722,88,7.6,4.3,0.1,5
46021,SD,Campbell,873,747,117,82,1,1443,720,723,0.1,97.2,0,1,0,0,1133,51548,4.7,1.3,49.8,15.2,18.1,7.3,9.6,75.2,5.8,0,8.2,0.8,10,17.1,757,59.7,15.9,24.4,0,1
37137,NC,Pamlico,7572,4815,2699,330,3,12803,6561,6242,3.6,74.3,18.2,0.5,0.2,0.7,10566,45211,15.1,29.1,29.3,17.6,24.8,16,12.3,76.9,11.6,0.3,1.6,1.8,7.7,28.4,5015,71.7,19,8.3,1,8.1
51105,VA,Lee,9932,8365,1489,579,10,24428,12792,11636,2,92.8,4.4,0.3,0.1,0,19641,32590,26.2,35.8,29.6,20.1,21.2,13.4,15.8,86.6,8.6,0.2,1.7,0.8,2.1,29.8,7559,71.8,22.2,5.4,0.6,11.4
48485,TX,Wichita,45753,31930,13024,4001,49,131778,68339,63439,18.5,66.1,9.9,0.6,2,0,96973,45776,18.9,26.6,33.2,20.7,23.8,10.4,11.9,77,8.6,0.8,7.6,2,4,15.4,55552,74.3,19.9,5.4,0.4,4.8
36103,NY,Suffolk,601261,333617,259463,49538,2021,1497595,737373,760222,18.6,68.5,7.2,0.1,3.8,0,1067524,92838,7.2,9.4,38.4,17.2,25.7,9.4,9.4,79.7,7.8,6.4,1.5,1.1,3.6,32,744660,77.5,17.6,4.8,0.1,5.4
37091,NC,Hertford,10590,3470,7077,865,34,24262,12026,12236,3.7,33.6,57.4,1.1,0.7,0.1,18935,35806,23.3,36.3,29.7,22.2,21,8.1,19,86.4,7.2,0.2,3.4,1.3,1.4,24.2,9163,74.3,21.9,3.7,0.1,10
26003,MI,Alger,5135,3014,2053,121,1,9254,5088,4166,1.4,84.2,7.2,3.3,0.1,0,7779,42647,13,16.6,27.9,23.2,23.1,8.1,17.7,72.9,11.1,2,4.3,1.8,8,21.3,3160,77.1,17.6,5.3,0,6.9
20099,KS,Labette,8414,5639,2607,412,6,20553,10142,10411,4.4,85.4,3.8,0.9,0.3,0,15612,45706,17.8,26.7,32.6,20.3,17.5,9.4,20.2,84.4,6.9,0.3,3.3,1.9,3.2,15.8,9514,73.9,19.9,6,0.3,4.7
51053,VA,Dinwiddie,15063,8695,6224,540,12,28033,13849,14184,3.2,62.1,31.8,0,0.4,0,21702,54640,14.8,21.4,27,20.9,24,11.8,16.4,86.3,7.4,0.3,1.8,1.9,2.3,29.2,13375,74.4,21.2,4.4,0,8.3
29011,MO,Barton,6077,5168,844,453,4,11942,5924,6018,2.5,92.7,0.2,1.9,0.6,0,8885,41184,20.9,29.4,32.7,11.7,22.7,11.5,21.4,81.8,6.4,0.3,4,1.5,5.9,22.8,5304,73.7,14.6,11,0.7,5.4
31129,NE,Nuckolls,2296,1850,409,111,0,4318,2163,2155,2.6,95.5,0.3,0,1.2,0,3387,42055,10.8,16,34.8,17.2,22.4,14.7,10.8,76.9,11.1,0.3,2.8,0.1,8.8,16.1,2224,69,13.6,17,0.4,1.7
12117,FL,Seminole,260699,125217,132486,10470,241,449260,217099,232161,20.1,62.3,10.6,0.1,4.2,0.1,334104,60739,11.8,15.3,44.8,15.6,26.9,5.8,6.9,82,7.7,0.8,0.7,1.6,7.1,27.1,220949,83.2,11.2,5.4,0.2,6.6
50027,VT,Windsor,1891,537,1266,128,2,55485,27171,28314,1.5,95,0.7,0.2,0.8,0.1,44323,56828,10.2,14.2,39.1,18.3,21.7,9.7,11.2,78.8,10.3,0.6,4.2,0.8,5.3,22.8,28099,78.8,12.8,8.1,0.3,4.5
54077,WV,Preston,14572,11190,3163,225,4,33760,17379,16381,2.1,91.9,4.4,0.5,0.1,0.1,26954,46673,15.2,21.7,26.6,18.6,21.7,17.6,15.6,80.5,12,0.5,2.4,0.3,4.3,30.2,13500,77.6,17.2,5,0.1,8.4
46043,SD,Douglas,1707,1468,216,180,5,2940,1448,1492,0.6,94.9,0,2.7,0,0,2237,52543,8.2,9.4,36.6,16.6,21.3,13.7,11.8,77.3,3.6,0.5,3.9,1.8,12.9,13.6,1477,68.4,11.8,19.6,0.3,0.9
6105,CA,Trinity,5095,2513,2383,33,0,13037,6603,6434,7.2,82.8,0.8,4.3,1.1,0.9,10463,36563,19.9,24.5,30.3,27.6,21.1,9.1,11.8,69.3,9.5,0.1,3.8,2.2,15.1,17.4,4800,46.3,30.8,16.9,6.1,9.6
28133,MS,Sunflower,9628,2784,6741,1681,51,26915,14114,12801,1.6,24.2,73.7,0.1,0.1,0,20602,28556,32.5,46.5,28,20.1,23.6,9.7,18.6,83.1,11.1,0.5,2.6,1.6,1,18.8,8371,71.8,22.7,5,0.5,17.6
12095,FL,Orange,647059,245325,394857,46725,560,1290216,633835,656381,30.2,41.6,19.9,0.1,5.1,0,878929,51586,16.7,23.4,36.3,20.9,26.3,7.3,9.2,79,9.7,2.7,1.2,2.1,5.3,27.6,642687,86.5,9,4.3,0.1,6.8
29186,MO,Ste. Genevieve,9495,6627,2713,480,1,17882,8934,8948,1.1,95.7,2.6,0,0.1,0,13857,50959,16.6,27.1,24.7,18.9,18.1,17.6,20.7,80.9,14,0,0.4,0.5,4.1,26.8,8510,86.5,8.7,4.5,0.4,4.6
45021,SC,Cherokee,25270,18043,6983,1558,52,56549,27527,29022,4.1,73.1,19.9,0.1,0.6,0.1,42586,35286,22,31.7,25.6,15.9,24.9,8.4,25.2,87.3,9.1,0.2,1.5,0.8,1.2,22.1,21599,82.7,12.7,4.1,0.4,7.8
48107,TX,Crosby,1953,1396,527,117,7,5895,2918,2977,55.4,40,3.7,0,0,0,4174,38674,20.8,29.7,30,18.4,21.5,19.2,10.9,85.2,7.9,0,2.2,3.5,1.3,21.6,2519,72.1,19.7,7.9,0.2,7.7
36067,NY,Onondaga,176798,78994,93850,5762,212,467669,225685,241984,4.7,77.1,10.7,0.5,3.9,0,351788,57271,14.9,21.6,41.2,17.4,25.3,6.7,9.4,79.6,7.9,3.1,4.3,1.1,4,20.1,223207,78.9,16.3,4.7,0.1,6.4
39171,OH,Williams,18290,13218,4726,452,4,37061,18360,18701,4.2,93.1,1.1,0.3,0.6,0,28371,47593,13.5,20.7,25.1,14.6,20.3,9.7,30.4,89,5.2,0.4,1.6,1.3,2.5,19.3,17586,82.6,12,5.2,0.3,5
21121,KY,Knox,13279,11010,2111,915,10,31424,15233,16191,1.1,96,1.2,0.5,0.4,0,23747,26061,34.7,45.1,28.3,18,24.6,10.1,19.1,85.3,9.4,0.8,2.2,0.4,2,21.6,9321,75.8,17.6,6.5,0.1,10.7
42017,PA,Bucks,389093,184149,200854,10513,626,626486,307319,319167,5,84.8,3.8,0.2,4.5,0,476133,82031,6.1,7.6,43.1,13.9,25.2,7.8,9.9,81.9,7,3.3,1.8,0.8,5.1,29.8,326994,85.9,8.8,5.2,0.2,5.4
5127,AR,Scott,3551,2962,483,233,2,10584,5290,5294,7.5,84.5,0.2,1.3,3.5,0,7841,37396,20.5,31.4,23.7,16.9,17.7,14.4,27.3,71.4,19.9,0.2,2.7,1,4.8,19.7,4069,77.2,13.6,8.5,0.7,10.6
40071,OK,Kay,17249,12834,4040,920,16,45173,22375,22798,7.6,75.4,2,7.4,0.5,0,33182,44067,17.6,24.9,28.2,18.6,23.5,12.8,16.9,83.6,9.6,0.2,3,1.5,2.2,17.5,19325,78.2,16.7,5,0.1,6.9
29171,MO,Putnam,2361,1984,361,61,1,4846,2436,2410,1.1,96.4,0.5,0.2,0.3,0,3760,37028,16.9,25.3,29.2,14.5,18.9,15.6,21.9,73.6,15.7,0,2.1,0.5,8,19.8,2041,75.1,9.1,15.1,0.7,5.9
30105,MT,Valley,4272,3135,1030,383,5,7561,3763,3798,2.4,84.9,0.1,8.9,0.4,0.2,5836,55267,7.4,7.1,37.7,14.3,24.5,14,9.6,72.9,11.3,0.5,7.3,0.8,7.3,15.4,3832,64.8,20,14.3,0.9,4.4
48165,TX,Gaines,5960,5323,572,581,12,19889,10082,9807,40.6,56.3,2.3,0.1,0.5,0,10115,58167,11,11.6,28.6,11.8,18.6,24.9,16.1,74.9,18.8,0,4.1,0.1,2.1,19,8134,76,12.5,11,0.4,4.5
13197,GA,Marion,3624,2275,1311,205,9,8558,4207,4351,1.7,59.2,35.7,0,0.7,0.5,6543,39015,23.1,36,28.5,13.5,20.9,18.5,18.6,82.6,9.5,1.2,0,3.6,3.2,32.3,3413,64.8,27.6,7.7,0,10
21029,KY,Bullitt,41964,30708,10551,1617,15,78622,39131,39491,1.8,94.9,0.6,0.2,0.6,0.1,60463,59917,10.2,12.7,27.3,13,26.9,11.1,21.7,85.2,10,0.1,0.7,1,3,28.1,38391,86.4,9.5,4,0.2,5.9
42031,PA,Clarion,19213,14363,4615,245,4,38747,18932,19815,0.8,96.3,1,0.2,0.5,0,31269,44373,17.5,23.1,30.1,22.9,19.3,11.4,16.3,82.9,6.7,0.2,5.1,1.2,3.9,22.5,17280,79.9,13.3,6.5,0.3,6.6
5083,AR,Logan,8222,6438,1544,617,5,21802,10764,11038,2.9,90.8,2.1,1.1,1.3,0,16641,37982,20.2,29.7,27.5,19.6,18.7,12.9,21.3,81.5,10.4,0.5,1.5,0.8,5.3,25.6,8339,72.2,19.2,8.5,0.1,8.1
12065,FL,Jefferson,8465,4478,3895,682,9,14085,7554,6531,4,58.2,35.1,0.4,0.1,0,11470,47599,13.9,19.2,40.8,22.1,21,10.1,6,84.5,10.3,0,0.6,0.4,4.2,28.7,4922,65.5,28.9,5.6,0,7.2
40019,OK,Carter,19479,14699,4470,924,10,48407,23449,24958,6.8,70.8,6.4,7.1,1.1,0,35218,47754,16.4,20.8,28.7,18.9,22.8,12.3,17.3,83.6,10.3,0.5,1.6,1,3,19.6,20543,80.6,13.6,5.7,0.1,6.4
49037,UT,San Juan,6677,3454,3004,848,30,15193,7654,7539,5.3,44,0.2,47.8,0.5,0.5,10208,42581,28.4,33.8,33.2,22.1,18.4,14,12.2,76.7,7.9,0.5,4,1.7,9.2,20.6,5247,60.6,31.9,7.3,0.2,8.4
26043,MI,Dickinson,13268,8469,4569,760,21,25694,12819,12875,1.4,95.6,0.6,0.8,0.6,0,20460,45681,15.2,15.4,35.4,17.1,20.9,11.6,15.1,84.3,8.8,0.3,2.5,1.7,2.3,17,11154,81.7,13.2,4.9,0.3,6
18115,IN,Ohio,3164,2392,750,151,7,5911,2967,2944,1,96.7,1.3,0.1,0.3,0,4744,58359,5,2.9,24.9,23.3,18.1,11.1,22.6,84,9.6,0.2,3.9,0.7,1.7,31.3,3041,82.7,14.2,1.8,1.2,3.3
55043,WI,Grant,25608,14142,10998,2043,36,51742,26915,24827,1.5,95.3,1.3,0.2,0.8,0,40781,50522,15.3,15.9,30,18.3,22.2,11.9,17.7,77.5,7.8,0.3,7,1.6,5.9,20.3,26480,76,15.4,7.8,0.7,3.5
12021,FL,Collier,207758,128936,77595,14664,256,356774,175608,181166,27.2,63.6,6.8,0.2,1.3,0,247583,62407,12.8,22.8,30.6,24.2,24.1,13.5,7.6,74.6,11.3,2.4,1.5,2.8,7.3,24.5,150802,84.6,8.2,7,0.1,5.3
36105,NY,Sullivan,26931,15555,10995,1818,48,75783,38941,36842,15.4,72.5,7.7,0.1,1.6,0,56410,53877,15.9,23.4,31.1,22.7,23.8,11.4,10.9,81.1,7.9,2.2,2.8,1.3,4.7,30.6,32610,72.9,20.4,6.6,0.1,9.3
27055,MN,Houston,11438,6334,4851,260,2,18709,9371,9338,1,96.3,0.7,0.2,0.5,0,14632,56837,8.9,11.8,35.6,15.3,19.8,15.2,14,81.3,7.1,0.3,3.1,2.3,5.9,21.9,10094,79.8,10.6,9.2,0.3,3.1
29075,MO,Gentry,3239,2580,613,201,10,6688,3225,3463,0.3,96.4,0.9,0.7,0.4,0.1,4996,43777,18.1,24,31.5,19.6,17.8,13.1,18.1,77.1,13.8,0.4,3.6,0.8,4.1,21.5,3037,73.5,15.9,10.4,0.2,4.1
47157,TN,Shelby,381858,129543,245208,37762,571,937847,446846,491001,6.1,36.5,53.2,0.1,2.5,0,665480,48415,20.8,33.9,35.1,18,24.7,6.8,15.3,83.3,9.4,1.3,1.3,1.4,3.2,22.9,430218,81.4,13.4,5.1,0.1,8.6
17167,IL,Sangamon,104395,53303,48756,4638,66,198134,95103,103031,2.2,80.8,12.6,0.1,1.9,0,150067,58687,15.6,24.5,41.2,18.2,25.1,6.5,9,83.4,7.6,1.6,2,1.5,3.9,19.6,95417,72,23,4.8,0.2,6.9
40027,OK,Cleveland,119778,66677,49827,8726,105,274024,136970,137054,8.2,72.8,4.6,3.5,4.3,0.1,205075,60632,12.6,13.1,40.1,17.1,25.2,8.7,9,84,9,0.3,1.7,1.9,3.1,23.3,137715,74,21.2,4.6,0.2,4.8
1023,AL,Choctaw,7461,4294,3126,395,12,13188,6277,6911,0.5,56.3,42.1,0,0.1,0,10454,32122,22.3,32.8,23.6,15.4,22,17.1,21.9,81.8,13.7,0,1.7,1.2,1.6,32.7,4301,79.9,14.8,4.9,0.4,9.8
46039,SD,Deuel,2350,1699,609,201,1,4282,2246,2036,2.8,96.8,0,0.1,0,0,3252,57969,10,13,36.8,11.4,17.3,18,16.4,75.3,12.7,0,1.7,0.5,9.8,19.5,2307,75,9.9,15,0,1.8
53029,WA,Island,53089,22535,29003,404,12,80323,40020,40303,7.1,80.1,3.1,1.1,4.5,0.3,63369,61516,9.5,14.3,34.6,19.2,22,12.1,12.1,73.1,10.6,2.6,4.4,2.3,7.1,27.8,32230,68.4,22.8,8.5,0.3,6.7
41039,OR,Lane,221585,80144,133924,2596,28,363471,179116,184355,8.4,82.6,1,0.8,2.5,0.2,282366,47710,18.8,20.3,35.3,19.9,24.6,8,12.1,71.1,10.2,3.1,5,4.7,5.9,20.2,167083,77.2,15.1,7.5,0.2,7.6
48309,TX,McLennan,97617,59432,36550,10316,142,245720,119894,125826,25.6,56.7,14.2,0.2,1.5,0,170837,46262,19.3,26.1,32.8,18.5,24.8,10.8,13.2,82.4,10.7,0.4,1.7,1.2,3.6,19.4,112592,81,13.2,5.6,0.2,5.1
8083,CO,Montezuma,15421,9267,5802,229,5,25770,12664,13106,12.2,73.1,0.2,11.8,0.1,0.1,19680,45645,16.8,26.6,31.8,22.4,22.7,12.3,10.7,78.8,8.2,0.1,3.4,1.1,8.5,22,11258,66.1,21.9,11.7,0.3,5.9
56013,WY,Fremont,18111,12007,5519,1505,15,40354,20206,20148,6.8,70.1,0.5,19.6,0.1,0.1,29888,55013,13.7,19.1,33.5,20.7,19.4,14.8,11.5,75.2,10.5,0.5,4,3.1,6.6,17.9,18674,61.3,28.9,9.2,0.6,6
13283,GA,Treutlen,3077,2101,952,315,12,6752,3394,3358,2.1,68,29.6,0,0,0,5184,39375,21,34.1,23.2,24.1,16.4,14.3,22,75.1,21,0,0,1.7,2.2,26.1,2663,73.1,20.4,6.5,0,5.6
48439,TX,Tarrant,831322,408224,409752,68233,836,1983675,971142,1012533,28.2,48.3,15.6,0.3,5.1,0.2,1270469,62532,13.5,19.4,36.6,16.2,25.2,9,13,82.5,10.2,0.6,1.2,1.2,4.3,27,974947,83,11.3,5.6,0.1,5.4
28013,MS,Calhoun,6536,4592,1878,641,13,14617,6994,7623,5.7,65,27.2,0,0.2,0.3,10814,33370,26.9,42,21.4,13.8,17.7,13.8,33.3,86.5,9,0.5,0.9,1.3,1.8,25.1,5260,82.3,10.6,7,0.1,8.4
39141,OH,Ross,32531,21687,10345,1648,44,77125,40622,36503,1.2,89.6,5.1,0,0.6,0,60054,45792,18.2,25.3,29.5,19.1,23.5,8.3,19.6,85.1,9.1,0.7,1.6,0.9,2.5,25.7,30592,78.7,16.4,4.7,0.2,7.6
47053,TN,Gibson,22336,16245,5764,2244,48,49222,23447,25775,2.6,76.8,17.7,0.4,0.3,0.1,36905,41315,17.1,25.8,29.4,19,24.2,8.9,18.3,89.3,6,0.1,1.2,2,1.5,23.2,20523,80.1,12.2,7.5,0.2,6.1
18139,IN,Rush,7932,6035,1754,298,4,16765,8223,8542,1.5,96.1,1.4,0,0.1,0,12873,47955,18.3,25,24.4,14.2,22.8,14.3,24.3,85.8,8,0.5,0.9,0.2,4.7,26,7403,83.4,10.4,6,0.3,4.7
19125,IA,Marion,19217,12657,6170,1152,11,33127,16341,16786,1.9,94.8,0.6,0.3,1.1,0,24991,57917,9.3,10,35.8,16.2,20.2,7.9,19.9,77.4,9.9,0.4,5.7,1.5,5.2,19,17090,83.2,11.4,5.4,0,3.6
48285,TX,Lavaca,10195,8802,1333,1177,39,19859,9596,10263,18.1,74.3,6.6,0,0.4,0,14374,51708,10.5,13.3,32.8,14.4,20.4,14.1,18.3,83.3,10.8,0.2,1.6,0.8,3.2,28,8843,74.7,15.3,9.9,0.1,2.9
16055,ID,Kootenai,89878,62837,24312,4509,51,150128,74161,75967,4.4,91,0.4,1.3,0.7,0.1,113785,53189,12.6,18.9,32,18.9,26.7,11.7,10.6,81.6,8.9,0.3,2,1.7,5.5,21.7,67680,78.9,13.3,7.6,0.2,6.1
20205,KS,Wilson,3899,3111,711,122,3,8858,4362,4496,2.9,92.4,0.5,0.4,0.7,0,6694,44468,16.8,25.5,29.7,19.2,19.7,12.8,18.7,78.4,9.1,0.2,6.9,1.4,3.9,17.1,4223,73.5,14.3,12.1,0.1,5.1
32011,NV,Eureka,942,833,92,13,0,1728,849,879,1.6,96.7,0.1,1.7,0,0,1306,67159,10,0,30.6,13.6,17.7,25.3,12.7,53.4,8.8,8.6,24.7,0,4.4,22.5,904,55.1,28.4,16.5,0,0
48105,TX,Crockett,1573,1219,344,166,7,3836,1903,1933,66.1,33,0.9,0,0,0,2618,52310,20.9,39.8,26.4,17,19.1,24.5,13,80,16.5,0,0,0,3.5,22.3,1733,66.9,19.2,13.8,0,2.4
48473,TX,Waller,22617,14206,8130,1012,17,48443,24209,24234,29.4,43,24.9,0.1,0.7,0,32066,53506,18,25.1,26.5,21.5,25,14,13,78.7,10.8,0.9,3.9,1.4,4.4,30,21837,75.6,15.9,7.9,0.6,7.8
18013,IN,Brown,8886,5725,2996,160,3,15007,7439,7568,1.6,95.9,0.5,0,0.7,0,12173,59292,10.6,10.1,33.3,15.2,24.5,11.5,15.4,85.6,8.4,0.2,1.1,0.2,4.5,33.3,6754,80.8,8.8,9.9,0.5,5.9
39089,OH,Licking,91830,57965,32324,3064,67,170678,83575,87103,1.7,91.2,3.5,0.1,1,0,129195,59747,11.8,18.1,36.1,16.5,24.6,9.1,13.8,83.6,8.1,0.3,2.6,1.2,4.2,25.8,83030,81.4,13.1,5.5,0.1,5.9
37015,NC,Bertie,9676,3778,5846,737,20,19913,10057,9856,2.1,34.3,61.6,0.6,0.6,0,16080,31287,22,35.1,23.7,16,18.6,12.7,29,80.7,11.6,0.7,2,1.9,3.1,24.8,7307,74,20.5,5.3,0.2,12.7
47147,TN,Robertson,33712,24535,8690,2712,43,68575,33839,34736,6.4,84,7.1,0.4,0.5,0.1,49595,57424,11.3,16.6,31.7,15.6,23.2,13.3,16.3,83.1,9.1,0.4,1.1,2,4.2,29.3,32726,79.2,13.6,6.9,0.2,6.9
35039,NM,Rio Arriba,16511,5390,10896,543,15,39455,19338,20117,71.4,12.9,0.4,14,0.4,0,29026,33422,26.4,33.2,37.4,25.4,21.7,8.4,7,85.1,7.6,1.3,0.9,1.2,3.9,27.2,13786,56.1,37.4,6.5,0.1,8.9
8117,CO,Summit,18330,5275,12535,778,4,29722,16218,13504,14,81.9,0.9,0.3,0.4,0.2,23166,73538,10.3,15.3,27.8,29.2,22.4,11.9,8.7,72.4,3.8,6.7,7.1,1.8,8.1,16.4,19358,82.8,10.2,7,0,3.3
36001,NY,Albany,121529,45570,73189,3750,140,308580,149287,159293,5.7,73,11.7,0.1,6.4,0,238354,62293,12.4,15,44.7,17.3,25.1,5.5,7.5,77,7.5,5.9,4.6,1.6,3.5,20.4,158961,71.3,24.5,4.2,0.1,5.3
48055,TX,Caldwell,14775,7975,6536,1726,37,40544,20563,19981,50.7,41.1,6.1,0.2,1,0.1,28283,51346,17.7,22.9,25.3,20.2,23.5,17.4,13.7,79,11.6,0.2,3.6,1.7,4,30.6,18238,74.3,18.9,6.7,0.1,3.4
31165,NE,Sioux,729,642,72,12,0,1256,647,609,3.8,90,0.4,0.2,0.2,0,998,45375,12.4,18.7,55.6,8.2,16.5,14.4,5.3,55.5,9.8,0,15.6,0.8,18.3,18.9,660,61.7,18.8,19.5,0,0
13183,GA,Long,5656,3528,2033,279,4,17857,8746,9111,11.4,58.5,23.9,0.2,0.9,0.2,11891,53083,20,27.6,29,18.6,21.3,13.1,18.1,79,13.8,0.1,0.8,4.8,1.4,30.2,5999,65,27.4,7.5,0,17.2
13099,GA,Early,5187,2722,2437,558,35,10405,4817,5588,2.2,46.1,50.5,0.1,0.8,0,7694,29493,27.5,42.3,29.9,12.4,19.5,19.7,18.6,88.8,7.1,0.1,1.3,2.4,0.3,25.2,3682,68.8,24.9,6.3,0,8.7
40079,OK,Le Flore,18805,15213,3299,1749,24,49860,25028,24832,6.8,71.9,2.3,10.1,0.4,0.1,36569,39253,22.2,29.7,26,19.4,20.8,16.1,17.7,85.7,9.3,0.1,1.5,1.1,2.3,24.2,18689,74.3,18.9,6.4,0.4,6.9
48419,TX,Shelby,10063,7962,2058,554,31,25689,12740,12949,17.8,62.1,18.8,0.2,0.5,0.1,17069,38121,23.1,37,26.8,15.9,17.8,21.8,17.6,76.6,17.6,0.5,1.7,0.9,2.8,26.3,9432,74.9,15.7,9.1,0.3,7.4
17125,IL,Mason,6756,4645,1984,361,7,13904,6948,6956,1,96.7,0.6,0.1,0.2,0,10973,44695,13.9,21.4,28.4,17.5,22.7,13.1,18.2,82,10.3,0.1,3.8,1.3,2.6,26.9,6173,76.2,16.3,7.5,0,8
46077,SD,Kingsbury,2779,1904,819,221,2,5000,2527,2473,2.1,95.1,0,0.5,1.6,0,3898,58794,9.5,10.8,38.8,12.6,17.2,15.2,16.2,73.8,9.1,0.2,5,0.5,11.4,20.6,2662,69.1,13.2,17.1,0.6,1.8
49055,UT,Wayne,1596,1207,362,0,0,2700,1403,1297,5.4,91.8,0.1,0.2,0.9,1.1,1898,42444,9.2,9.2,30,21.4,20.8,16.9,10.9,75.9,12.3,0,5.6,0.6,5.7,16.3,1215,70.3,19.1,10.2,0.4,1.9
29043,MO,Christian,46904,34904,11126,2463,16,83028,40265,42763,2.8,93.7,0.6,0.3,0.5,0.1,60880,55761,10.4,13.5,35.9,16.8,26.9,9.6,10.9,84.7,8.5,0.1,0.8,1.4,4.5,25.4,39399,83,10.6,6.3,0.1,5.3
13173,GA,Lanier,3576,2509,1019,320,7,10388,5208,5180,5.5,68.7,24.1,0,0.3,0,7647,31109,28.7,32.6,29.2,16.3,31.6,11.2,11.7,89.8,2.2,0.1,3.7,1.7,2.6,24.1,3551,70.4,20.1,9.5,0,10.6
12069,FL,Lake,211702,125853,83491,8729,227,326215,157897,168318,14.4,71.1,9.9,0.3,1.9,0,252229,49734,12.8,20,32,21.4,27.8,9.5,9.4,81.5,10,0.3,0.8,1.3,6.1,28.8,131532,82.8,11.8,5.3,0.1,7.2
45057,SC,Lancaster,49868,30312,18937,2658,62,86544,42328,44216,5,70.1,21.7,0.2,1,0.1,66067,50557,15.5,23.1,31.6,15.7,25.9,10.5,16.2,84.7,8.6,0.3,0.8,1,4.5,29.1,36001,84.6,11.3,3.9,0.2,7.7
26115,MI,Monroe,87148,52710,32975,2206,42,149619,73905,75714,3.5,91.5,2.3,0.3,0.6,0,115179,59479,11.2,14.8,30.3,17.4,21.2,10.3,20.7,86.3,6.9,1.1,1.1,1.1,3.5,24.5,69205,87.3,8.7,3.9,0.1,5.9
29009,MO,Barry,15598,12425,2948,912,9,35398,17782,17616,9,86.5,0.3,0.6,1.5,0,25988,40638,20.5,32.4,24.7,15.6,20.1,13.1,26.5,79.8,11.6,0.4,2.2,1.3,4.7,23.4,14330,80.4,10.5,9,0,8
31051,NE,Dixon,3083,2335,651,170,2,5765,2905,2860,12.6,85.6,0.3,0.5,0.1,0.1,4079,57036,10.3,16.3,29.3,16.8,19.1,16.3,18.5,81.4,8.7,0,4.7,0.4,4.9,21,2955,73.8,17.4,8.6,0.2,3.3
18039,IN,Elkhart,73225,46311,25413,10310,151,202924,100359,102565,15.4,75.3,5.4,0.1,1,0,135371,52449,13.8,19.3,25.5,14.2,21.6,7.3,31.5,77.6,14,0.4,1.7,2.7,3.5,19.4,94516,87.1,7.8,4.9,0.2,5.6
47033,TN,Crockett,6114,4673,1382,929,23,14554,6915,7639,10.1,74.7,13.2,0.2,0.2,0,10593,39692,17.7,24.1,30,14.8,24.2,12.2,18.9,90.8,6,0,0.9,0.4,1.9,23.2,6048,79.4,14.1,6.4,0.1,5.9
27103,MN,Nicollet,19124,9018,9622,802,18,33477,16748,16729,4.3,89.6,3,0.1,1.6,0,25333,62593,11.3,10,38.3,17.8,22.8,8.1,13,76.7,7.8,0.5,3.9,1,10,17.9,18581,79.9,14.3,5.7,0.2,3.8
51149,VA,Prince George,17401,10103,7103,1124,7,37704,20643,17061,7.6,55.6,31.2,0.5,2.1,0.1,28884,68461,12.3,19.8,35.7,16.7,24.8,9.3,13.4,83.4,8.7,0.4,1.5,2.9,3.1,25.7,14926,65.2,28.7,6.1,0,8.5
31091,NE,Hooker,442,376,59,25,1,684,315,369,2.9,96.2,0.9,0,0,0,578,41607,17.4,24.3,38.8,23,17.4,10.9,9.9,65.6,5,1,13,6,9.4,11.7,304,51,29.3,19.7,0,1
29125,MO,Maries,4774,3890,814,222,0,8959,4496,4463,2.5,95.8,0.4,0.9,0.2,0,7073,41715,18.9,32.7,24.6,17.1,19.6,13.5,25.2,71.8,15.7,0.1,2.5,2.1,7.8,31,3705,74,18,8,0,7.7
16077,ID,Power,3086,2116,865,376,2,7667,3951,3716,32.9,62.5,0.3,3.4,0,0,4857,47602,11.6,18.7,25.5,13.3,19.3,17.2,24.8,79.8,8.1,0.6,3.5,0.3,7.7,18.2,2993,66.9,24.7,7.9,0.6,10.2
17045,IL,Edgar,8152,6169,1869,175,11,17603,8643,8960,1.1,97.2,0.6,0.2,0.4,0,13800,47873,15.4,23.3,28.2,17.4,19.6,9.2,25.6,83.1,10.1,0.3,1.4,0.4,4.7,19.4,8052,79.1,13.4,7.3,0.2,7.4
26007,MI,Alpena,16966,10686,6000,180,14,28730,14169,14561,1.3,96,0.5,0.4,0.4,0.1,23062,40954,15,19.1,29.5,19.8,26.1,10,14.6,82.9,8.4,0.7,2.7,1.2,3.9,16.9,12665,83,10.4,6.4,0.2,6.4
16025,ID,Camas,754,507,149,41,0,886,443,443,9.3,90.4,0,0,0,0,621,36667,22.3,36.5,31.2,16.5,18.5,26.9,6.9,79.7,6.6,0,2,3,8.6,29.2,394,57.4,24.1,17.8,0.8,4.4
17191,IL,Wayne,8446,7172,1185,546,18,16569,8209,8360,1.4,96.4,0.6,0.2,0.4,0,12757,46405,15.8,25.9,25.6,16.8,20.7,12.1,24.8,81.6,8.9,0.8,2.4,0.7,5.6,23.9,7347,79.7,11.5,8.5,0.2,4.8
23015,ME,Lincoln,2596,1723,813,65,1,34021,16599,17422,1.1,96.2,0.3,0.5,0.9,0,27877,54041,11.8,16.2,34.5,19.7,19.1,15.6,11,76.8,10.4,0.6,3.3,1.8,7,24.8,16588,73.4,12.5,14.1,0.1,3.4
21175,KY,Morgan,5535,4297,1172,152,0,13281,7397,5884,1.2,93.2,3.3,0.1,0.7,0,10736,33523,25.6,37.4,30.8,16.9,18.4,15.1,18.8,87.1,9.3,0,0.3,1.1,2.2,35.2,3662,65.7,28.5,5.8,0,8.1
42127,PA,Wayne,28077,18630,9186,294,12,51656,27404,24252,4.2,91,3.1,0.2,0.6,0,42291,52161,11.1,14.9,29.9,19.6,22.4,13.4,14.7,82.3,7.2,1.1,2.2,1,6.2,29.6,21209,76.9,13.2,9.6,0.3,6.5
21059,KY,Daviess,49240,31023,17283,2111,32,99258,48300,50958,2.9,88.9,4.4,0.2,1.3,0,73475,48371,15.8,22.3,29.9,18,23.8,9,19.3,86.8,7.9,0.5,2.1,1.1,1.5,19.2,44736,83.4,11.7,4.7,0.2,6
40121,OK,Pittsburg,17924,13851,3768,1303,21,44673,22664,22009,4.8,70,3.2,7.2,0.4,0,34301,44941,17.1,22.6,29.1,18.9,23.4,13.3,15.3,83.5,11.7,0.2,1.6,1,2,20.9,18265,68.5,25.9,5.5,0.1,6.3
5129,AR,Searcy,4019,3365,588,212,1,7925,4030,3895,2.2,93.5,0.2,1,1.3,0,6297,36716,17.4,17.9,25,10.1,23.2,19.9,21.9,72.7,17.2,0.4,4,1.4,4.3,28.9,3082,65.2,16.3,18.5,0,3.6
21167,KY,Mercer,11735,8506,3033,387,6,21378,10652,10726,2.7,91.2,4.1,0.1,0.7,0,16316,47574,16.7,23.4,29.7,17,21,12.6,19.7,83.8,9.5,0.2,1.1,0.6,4.8,26.4,9657,76.9,14.1,8,1,9.1
48357,TX,Ochiltree,3155,2811,302,338,5,10484,5353,5131,53,44.5,0.2,0.7,0.2,0,5698,50120,13,14.7,22.9,17.1,19.9,25.7,14.4,76.1,19.1,0,2,1.8,1.1,18.5,4679,79.1,12.8,7.8,0.3,7.6
55069,WI,Lincoln,16497,10017,6261,965,12,27994,14053,13941,1.4,95.7,0.5,0.3,0.4,0,22427,54203,9.2,12.2,27.7,15.4,24.5,10.9,21.5,84.3,8.3,0.4,2.7,0.9,3.4,22.7,14327,81.5,11.6,6.6,0.3,4
26137,MI,Otsego,14756,9779,4743,287,12,24247,11951,12296,1.6,94.7,0.4,0.5,0.5,0,18968,50823,14.9,23,29.4,19.2,26.3,10.9,14.2,82.4,12,0.2,1.5,1.3,2.6,19.5,10894,82.9,10.6,6.5,0,6.4
56031,WY,Platte,4923,3898,890,156,2,8703,4535,4168,7.8,89.2,0,0,0.5,0,6753,47380,10.5,18.4,29.1,15.4,20.4,21.6,13.6,75.6,8.8,0.3,3.9,1.3,10.1,16.9,4289,71.9,16.9,11.2,0,2.5
4003,AZ,Cochise,57672,33580,22997,2205,75,126516,64094,62422,35,55.7,3.6,0.9,1.8,0.4,92064,47847,18.1,25.9,34.4,24.3,24.1,10.1,7.2,79.1,10.3,0.7,2.8,2.7,4.4,20.5,43404,63.6,29.9,6.1,0.4,7.6
13245,GA,Richmond,87016,26781,59124,8160,185,201568,97435,104133,4.8,35.5,55.2,0.2,1.8,0.2,150995,39430,24.2,37.5,29.9,22.5,26,9,12.6,80.9,9.7,1.7,3.5,2.2,2.1,20.5,78704,74.7,22,3.1,0.1,11.6
55071,WI,Manitowoc,44829,27218,16818,3058,16,79680,39612,40068,3.7,91.2,0.7,0.4,2.6,0,61947,51053,10.2,14.3,28.2,17.1,20.5,9.8,24.5,84.3,7.2,0.4,2.5,1.8,3.8,18.7,41085,86,9,4.7,0.3,3.7
30055,MT,McCone,1128,956,155,65,0,1728,923,805,3.2,88.8,0,6.9,0.5,0,1298,46193,7.7,2,53.4,5.6,18.5,16.5,5.9,64.6,7.1,0,8.1,0,20.3,16.7,798,55.3,15.7,28.8,0.3,1.2
29201,MO,Scott,17748,13769,3753,1551,26,38858,18844,20014,2.2,83.6,11.4,0.5,0.4,0,29350,41628,20.1,30.7,27.3,18.9,23.5,11.1,19.1,81.9,11.9,0.2,1.5,0.8,3.6,20,17102,81.4,11.7,6.7,0.2,6
29109,MO,Lawrence,17930,14421,3214,1193,24,38131,19072,19059,7.2,89.7,0.6,0.5,0.5,0,27636,41673,17.1,27.4,27.7,21.2,19.6,10.2,21.2,78.1,12.2,0.1,1.8,2.7,5.1,22.2,16701,79.6,11.4,8.6,0.4,6.2
39027,OH,Clinton,19940,15061,4556,575,13,41869,20707,21162,1.6,93.4,2.1,0.1,0.4,0,31695,49997,14.7,20.8,27.4,16.6,24.2,10.4,21.4,83.4,7.9,0.4,3,1.5,4,25.6,19223,80.7,12.6,6.4,0.3,6.6
42045,PA,Delaware,325464,117843,203601,14001,771,563384,270775,292609,3.6,68,20.7,0.1,5.4,0,415663,69839,10.4,14,43,17.5,23.9,6.6,9.1,73.3,6.9,10.5,3.8,1,4.5,29,275010,85.7,9.6,4.6,0.1,6.8
38089,ND,Stark,15050,12110,2499,2473,34,30316,15719,14597,5.1,88.6,1.7,1,1.2,0,22095,77328,8.1,6,31.8,15.3,21.6,15.1,16.2,82.6,9.4,0.5,3.1,0.5,4,18.2,16457,80.3,11.8,7.7,0.2,3.2
18101,IN,Martin,5155,4029,1011,214,0,10219,5146,5073,0.4,97.2,0.5,0.7,0.2,0.2,7873,49372,13.3,20.4,29.5,15.1,17,12.6,25.8,79.5,10.7,0.2,3.5,1.5,4.6,26.4,4804,69.1,23.5,7.2,0.2,4.2
1113,AL,Russell,21108,9796,11078,2007,3,58480,28424,30056,5.2,47.8,42.4,0.4,0.7,0.2,42923,38988,20.9,29.2,28.7,20.2,25.2,9.4,16.4,86,8.5,0.3,1.4,1.1,2.8,24.1,22959,76.1,20,3.8,0.1,9.7
28155,MS,Webster,5347,4255,1024,384,13,9868,4832,5036,1.5,78,19.2,0.2,0.2,0,7452,35634,25.3,37.5,37.4,14.6,17.6,11.2,19.1,83.9,10.8,0.6,1.7,2.1,0.9,28.1,3502,67.3,26.7,5.3,0.6,9.4
18123,IN,Perry,8734,5343,3202,505,14,19229,10336,8893,1.3,94.3,2.7,0.2,0.3,0,15055,49689,14.5,22.1,23.7,18.3,18.5,11.9,27.6,83.6,11.9,0.2,0.9,1.1,2.2,23.5,8199,82,12,5.7,0.2,3.9
51187,VA,Warren,21037,14069,6603,621,21,38991,19445,19546,4.2,87.6,3.6,0.2,1.2,0,29780,65353,9.8,14,34.1,16.8,21.4,15.9,11.7,74.7,16.3,0.2,1.6,1,6.2,40.7,18753,75.6,17.3,6.9,0.2,6
25009,MA,Essex,2485,790,1629,24500,1358,775860,373886,401974,19.6,72,3.1,0.1,3.4,0,555798,73533,10.9,15.4,41.2,18.7,22.5,7,10.6,74.2,8.5,5.9,3.3,2.4,5.7,29.8,397621,82,11.7,6.1,0.2,6
6005,CA,Amador,22282,13571,8147,347,16,37306,20005,17301,13.2,79.3,2,0.7,1.5,0.2,30677,60636,10.6,20.3,32.7,23.2,24.1,9.9,10.1,80.7,9.2,0.1,2.5,1.1,6.4,32,13444,63.9,21,14.7,0.4,9.3
46123,SD,Tripp,2696,2161,495,288,2,5480,2781,2699,0.3,82.1,0,13.3,0,0,4216,48409,19.7,29.1,42.6,13.7,16.9,16.1,10.7,76.8,8.8,1.3,4.7,0.5,7.9,15.4,2859,62.3,16.6,20.8,0.3,1.8
39011,OH,Auglaize,25396,20451,4583,1279,19,45778,22866,22912,1.6,96,0.4,0.2,0.5,0.1,34450,59516,9,12.4,29.8,14.5,20.6,8.2,26.8,87.6,6.8,0.1,1.7,1.1,2.7,19.6,23229,85.3,9.9,4.8,0.1,3.4
48245,TX,Jefferson,94665,47535,46022,8471,155,254574,130404,124170,19.5,41.7,33.7,0.2,3.6,0,175785,46315,19.4,29.2,28.9,19.6,23.2,13.4,14.9,89.5,6.8,0.5,0.7,0.9,1.6,19.7,105319,83,13,3.9,0.1,6.5
56035,WY,Sublette,4970,3957,882,187,1,10037,5447,4590,7.3,89.2,0,0.1,0.1,0,7473,84911,7.4,5.9,41.9,14.2,13.1,15.8,14.9,76.5,8.6,0.4,6.6,0.9,7,20.9,5396,72.6,23.9,3.4,0.2,4.2
49000,UT,Utah,269877,183008,72324,30400,83,576496,290874,285622,11.4,83,0.5,0.4,1.5,0.8,352481,67042,11.8,10.4,41,15.2,26.5,7.6,9.9,73.2,11.8,2,4.1,2.3,6.7,21.4,257679,83.8,11.4,4.6,0.2,4.3
31063,NE,Frontier,1440,1229,189,45,0,2624,1324,1300,1.4,96.4,0,0.6,0.1,0,2071,52090,10.9,15.9,35.4,15.9,21.5,18,9.2,76.5,7.9,0.4,5.3,1,8.9,20.3,1253,64.1,20.8,14.1,1,3.2
27093,MN,Meeker,13496,9358,3867,382,3,23105,11697,11408,3.8,94.3,0.6,0.1,0.3,0.1,17132,59611,8.3,8.8,32.2,15.7,18.2,12.6,21.5,83.4,8.6,0.4,2.6,0.9,4.1,24.4,11589,80.8,11.7,7.1,0.3,2.9
33019,NH,Sullivan,412,186,216,93,1,43073,21263,21810,1.4,95.4,0.4,0.3,0.6,0,34368,59419,9.4,12.3,35,14.7,23.6,9.1,17.6,80.3,10.3,0.3,3.1,1.1,4.8,24.1,21646,80.4,12.8,6.8,0.1,3.7
32001,NV,Churchill,12503,9088,2966,245,4,24022,12177,11845,13.4,73.9,2.4,4,2.4,0.2,17384,46914,13.8,15.3,30.3,20.3,20,16,13.4,81.3,10.7,0.1,2.6,2.1,3.2,20.1,9228,69.7,22.3,7.7,0.2,7.8
13055,GA,Chattooga,10050,8064,1854,976,29,24880,12730,12150,4.7,83.1,10.2,0.1,0.4,0,18729,35718,22.5,29.5,23.1,15.2,18.9,12.3,30.5,83.6,11.3,0.5,2.2,0.8,1.7,25.2,8839,80.2,13.3,6.2,0.4,9.5
20113,KS,McPherson,13868,9562,3977,472,7,28792,14238,14554,4,91.8,1,0.5,0.5,0,21845,56946,7.6,7.8,36.1,17.1,18.4,9.9,18.5,83.2,7.4,0.1,4.9,1.1,3.3,13.5,15238,78.1,12.6,8.8,0.5,2.5
35031,NM,McKinley,26406,7782,17969,4752,262,72849,35209,37640,14.1,9.1,0.5,73.3,0.9,0,50540,30336,37.5,45.7,29.4,25.1,22,9.7,13.8,74.8,9.7,0.6,3.7,1.6,9.5,22.1,23207,56.9,35.7,7.4,0,16.1
46017,SD,Buffalo,549,183,352,272,4,2048,984,1064,2.4,11.8,0.4,81.3,0,2,1259,30500,40.5,44.6,31.5,30,21.7,9.6,7.2,75.8,11.3,0,7,0.5,5.3,13,594,38.9,57.7,2.2,1.2,17
38005,ND,Benson,1961,1094,822,557,10,6875,3520,3355,0.9,41.3,0,55.7,0.1,0,4506,44500,33.3,50.8,36.5,20.1,18.3,13.7,11.3,73.9,9.1,0.6,5.4,1.5,9.5,18,2432,59.1,26.2,14.7,0,6.5
19073,IA,Greene,5054,3221,1768,209,0,9046,4409,4637,2.7,95.1,0.1,0.1,1.3,0,6891,52529,10,11.7,35.7,16.6,19.3,10.4,18.1,78.3,8.9,0.2,4.3,2.1,6.2,19.6,4506,76.2,13.5,10.1,0.2,6.2
13315,GA,Wilcox,3281,2403,862,259,25,8896,5248,3648,4.3,58.5,35.3,0.3,0,0,7025,35457,21.8,30.6,28.7,23.8,16.5,16,15,85.6,8.1,0.5,1.7,1.1,3.1,27.2,2392,61,28.7,10.1,0.1,7.6
55023,WI,Crawford,8695,4620,3953,389,1,16313,8469,7844,1.3,94.9,1.7,0.4,0.5,0,12833,47331,13,19.4,27.1,17.9,20.7,11.9,22.4,81.7,8.8,0.4,3.2,1.4,4.5,22.6,7530,77.6,14.2,8.1,0.1,4.1
21067,KY,Fayette,152664,58845,90566,11369,93,315109,154530,160579,7,71.8,14.3,0.2,3.6,0,230651,53013,18.6,22.9,42.9,18.1,22.9,6,10.1,78.7,9.3,2,3.8,1.9,4.4,20.9,162280,79.3,15.5,5,0.1,6.1
8031,CO,Denver,393529,71543,313090,19878,452,678467,339400,339067,30.5,53.6,9.2,0.5,3.5,0.1,475990,60098,15.1,22.8,46.1,16.8,21.5,7.9,7.7,69.9,8.1,6.8,4.4,3.3,7.6,25.3,374043,83.5,10.8,5.5,0.1,4.5
21191,KY,Pendleton,6925,5515,1322,142,0,14530,7307,7223,0.6,96.6,0.9,0.1,0.4,0,11208,49706,15.1,22.3,24.6,12.9,22.2,14.9,25.4,88.4,8.2,0.4,0.2,0,2.9,33.9,6415,81.8,12.4,5.8,0,4.8
47045,TN,Dyer,15074,11766,3157,2398,38,37751,18201,19550,3.3,80.3,13.4,0.4,0.7,0.1,28280,44386,18.1,24.1,30.5,18.2,19.6,8.3,23.5,89.1,6.5,0,0.7,1,2.7,20.2,16155,78.1,15,7,0,7.3
39157,OH,Tuscarawas,42785,29519,12643,1576,38,92531,45562,46969,2.4,95,0.8,0.3,0.4,0,70324,49460,13.8,20.1,25.9,16.9,21.8,9.9,25.5,84.7,8.4,0.2,1.8,1.9,3,22.3,43425,86.4,8.5,4.8,0.3,4.9
48493,TX,Wilson,25006,18457,6350,1004,28,47205,23703,23502,39.2,57.7,1.3,0.2,0.3,0.1,34562,71942,10.2,12.8,31.8,16.4,25.2,14.2,12.4,80.7,10.8,0,1.1,1,6.4,34.5,21002,73.3,18,8.6,0.1,6
6021,CA,Glenn,10890,6854,3815,685,3,27935,14213,13722,40.8,52.5,0.8,1.7,2.6,0.3,16753,46260,19.6,25.5,22.6,19.7,17.8,23.9,16,75.9,12.4,0.4,3.9,1.6,5.7,24,10775,70.9,17.3,10.9,0.9,9.2
6109,CA,Tuolumne,29820,17302,11808,291,6,53899,28029,25870,11.8,80.8,1.7,1.3,1.1,0.2,43977,54325,13.6,13.8,32.8,25.6,21.2,11.7,8.7,80.3,8.5,0.6,2.4,1.7,6.5,27,20401,68.7,18.1,12.8,0.3,7.9
30029,MT,Flathead,60132,38233,20238,3615,27,96147,47965,48182,2.6,93.2,0.3,1.3,0.5,0,74055,51410,13.6,18.7,34,18.3,26.1,12,9.6,81.4,6.9,0.8,3.3,1.9,5.8,19.1,46250,79.4,13.4,6.9,0.3,4
29209,MO,Stone,18378,14716,3486,753,11,31529,15426,16103,2.1,95.1,0.2,1.1,0.1,0.1,25955,43292,12.8,18.5,27.8,19.1,25.8,15.9,11.4,76.7,13.4,0,1.9,0.5,7.5,28.9,12223,78.4,10.2,11.2,0.3,7.7
20167,KS,Russell,3429,2765,591,210,4,6987,3558,3429,2.8,93.2,1.2,0.2,0,1,5463,48427,13.8,20.3,34.2,18.1,15.2,13.8,18.7,87.6,5.8,0.1,2.2,0.9,3.4,14.7,3387,72.7,18.8,7.9,0.6,4.8
26117,MI,Montcalm,32086,21815,9703,790,12,62956,32441,30515,3.4,92,2,0.5,0.5,0.1,48157,44651,17.5,25.3,24.5,16.2,23.2,12.9,23.2,82.2,10.4,0.4,2,1.1,3.9,30,25787,82.4,10.8,6.5,0.3,7
53003,WA,Asotin,11795,7259,4233,294,8,22259,10594,11665,3.6,91.2,0.4,0.9,0.9,0.1,17464,47483,13.5,19.2,30,19.5,27.3,11.1,12.1,81.1,9,0.3,2.6,2.8,4.1,15.4,9824,78.6,16.1,5.2,0.1,6.7
13313,GA,Whitfield,36746,25636,10670,5701,64,103963,51566,52397,34.2,59.5,3.9,0.1,1.4,0,62068,43871,19.2,28.5,22.2,11.8,22.4,9,34.6,84.7,10.8,0.1,1.1,1.6,1.7,20.5,46465,86.4,9.9,3.5,0.1,8
19081,IA,Hancock,6161,4390,1683,410,6,10971,5519,5452,3.9,93.8,0.6,0.3,0.1,0,8396,57840,9.1,12,32.6,14.6,20.1,9.1,23.5,79.2,8.2,0.5,2.3,1.2,8.5,18.2,5653,76.1,12.6,10.6,0.6,1.7
31027,NE,Cedar,4996,4174,725,168,0,8561,4349,4212,1.7,97,0,0.8,0,0,6400,57208,9.7,13.9,34.9,15.7,21.2,14.1,14,76.7,6.7,0,5.2,1.5,9.8,16.4,4599,69.5,15.4,14.5,0.6,1.6
48211,TX,Hemphill,1720,1486,206,156,1,4152,1976,2176,35.2,61.8,0.7,0.4,0.3,0,2336,68679,8.8,14.3,31.3,15.4,25.7,17.3,10.2,76.2,15.5,0,4.6,0,3.6,16,1898,73.7,16.9,9.4,0,6.9
37113,NC,Macon,20589,14152,6213,773,7,34160,16467,17693,6.8,89.5,1.3,0.6,0.8,0,26672,40659,17.7,30.9,28.9,25.6,22.6,13.2,9.7,80.7,9.7,0.4,1.6,3.6,4,21.4,13584,76.4,12.1,11.2,0.3,4.9
27095,MN,Mille Lacs,14666,9953,4403,498,20,25635,12847,12788,2.2,89.3,0.4,4.8,0.6,0,19263,53737,11.5,14.8,27.8,19.1,20.2,15.4,17.5,79.4,10.8,0.7,2.7,1.6,4.9,30,12117,80.6,12.3,7,0.1,6.6
19147,IA,Palo Alto,4950,3370,1519,353,2,9110,4540,4570,2.4,94.3,1.9,0.2,0.5,0,6843,50470,7.1,10.6,33.3,19.6,20.1,10.3,16.7,78.6,12.7,0.3,4.3,1.5,2.7,15.3,4819,73.8,17.4,8.5,0.4,1.3
41045,OR,Malheur,11653,8101,3202,1985,38,30421,16514,13907,33.1,61.7,0.9,0.7,1.6,0.1,20573,37112,25.2,36.8,26.5,22.1,18.6,15.8,17,75.7,11.3,0.3,4.7,2.5,5.6,18.9,10824,73.8,17.5,8.2,0.6,8.6
26001,MI,Alcona,7063,4848,2142,55,3,10413,5247,5166,1.4,96,0.3,0.5,0.4,0,8984,39424,14.9,21.7,23.5,20.9,22.9,13.2,19.6,80.8,9.6,0.2,1.8,2.3,5.3,24,3357,78.3,14,7.5,0.2,9.3
21145,KY,McCracken,33521,21820,11190,1299,12,65285,31169,34116,2.4,83.6,11.1,0.2,0.7,0,50386,42894,17.1,24.4,34,19.4,24.3,9.4,12.9,86.8,6.5,0.4,2,1.1,3.2,18.1,28766,79.4,13.2,7.2,0.1,4.9
26013,MI,Baraga,4036,2512,1478,125,4,8580,5112,3468,1.5,73.1,15.8,4.7,0.5,0,6953,42757,14.4,22.9,25.8,22.5,24.1,10.1,17.5,83.2,8.5,0,3.5,0.9,4,19,2485,77.6,16.6,5.4,0.4,6
31177,NE,Washington,12413,8583,3554,559,7,20414,10118,10296,2.8,94.7,1,0.1,0.3,0,15268,66485,9.8,14.7,37.1,14.5,24.8,11.7,11.9,84.1,5.9,0.2,4,0.7,5.2,20.8,10805,82.2,11.7,5.8,0.2,1.7
26047,MI,Emmet,22176,12135,9662,332,4,32978,16359,16619,1.6,91.4,0.5,2.2,0.6,0.1,26034,51475,10.7,13.2,35,22,23,10.3,9.8,78.5,9.6,0.2,4.2,1.6,5.9,19.1,16237,82.1,9.2,8.6,0.2,6.1
40015,OK,Caddo,9859,7013,2670,1187,26,29437,15383,14054,12.1,57.4,2.2,22.4,0.4,0.1,20968,41626,20.8,27.7,29.1,17.7,21.6,17,14.6,82.4,11.6,0.4,2.3,1.1,2.2,22.9,11207,66.6,25.1,8.1,0.2,7.6
27023,MN,Chippewa,6611,4250,2226,497,3,12040,5994,6046,6.3,88.8,0.6,1.4,0.7,1,8897,57601,11.1,17.5,32.1,20,18.6,12,17.3,79.4,8.5,1,3.3,0.9,6.9,15.3,6270,77.4,14.3,8.1,0.3,2
41023,OR,Grant,4593,3544,928,14,0,7209,3647,3562,3.6,91.8,0.4,1,0.4,0,5854,44826,13.7,22.1,38.8,16.7,19.6,14.9,10,74.7,11.5,0.2,6,0.8,6.7,17.2,2983,59.2,30.3,10.2,0.3,7.6
20107,KS,Linn,4903,3940,863,117,1,9602,4793,4809,2.6,93.9,0.7,1,0.3,0,7366,46576,17.4,18.9,24.7,16.3,22.8,19.1,17.1,84.1,10.2,0.3,1.2,0.7,3.5,32.8,4141,74.9,16.7,8.4,0.1,5.8
13083,GA,Dade,7434,6066,1261,376,6,16282,7956,8326,2.2,93.8,0.5,0.7,1.1,0.7,13024,43163,17.5,23,26.1,21.5,21.6,14.5,16.3,75.8,12.4,0.2,7.1,0.5,3.9,26.4,7719,80.8,10.3,8.6,0.3,4.8
51117,VA,Mecklenburg,16204,9266,6803,904,35,30959,14944,16015,2.7,60.2,35.7,0.3,0.1,0,24920,41126,16.9,22.9,32.2,20.3,22.1,9.2,16.2,80.1,11.1,0.2,1.6,2.9,4.1,24.7,12739,74.7,19.8,5.4,0,5
13095,GA,Dougherty,35308,10449,24579,3318,191,91522,42377,49145,2.6,26.2,68.4,0.1,0.8,0,67545,34541,30.5,45.7,30.3,22.3,22.9,7.9,16.6,77.5,12.7,2.2,2.5,0.8,4.4,18.9,34494,72.3,23.6,4,0.1,15.8
6033,CA,Lake,11038,3955,6874,727,18,64095,31788,32307,19.4,71.7,2.1,3.2,1.4,0,48145,40446,22.8,31.6,25.8,26.5,21.4,16.1,10.1,71.3,11.5,1,3,0.6,12.5,28.9,22691,68.3,20,11.4,0.3,11.2
50001,VT,Addison,870,379,445,124,2,36825,18214,18611,2.2,93,0.9,0.3,1.9,0,29510,61875,7.8,9,40.8,16.4,18.2,13.1,11.5,72.5,8.6,0.7,7.6,1.2,9.4,23.8,19872,77.9,10.3,11.5,0.3,4.4
47081,TN,Hickman,9832,7577,2130,846,15,24502,12830,11672,2.3,90.6,5,0,0.2,0,18999,39333,19.7,24.6,25.4,17.1,20.3,16.2,21.1,79.4,11.3,0.3,2,2.6,4.4,36.3,9659,74.9,14.9,10.1,0.1,6.2
18133,IN,Putnam,16595,12278,3946,837,17,37543,19747,17796,2.5,91.9,3.1,0.2,1,0,29794,55295,11.6,19.4,28.5,17.5,22.8,11.5,19.8,79.2,9.7,0,7.4,0.8,2.9,25,16283,84.7,10.6,4.7,0,5.1
42023,PA,Cameron,2434,1771,634,10,0,4754,2419,2335,0.8,96.6,1.1,0.2,0.4,0,3883,40402,14.4,26,23.1,18.8,16.9,11.9,29.2,79,10.9,0.4,6,1.2,2.6,17.6,2127,77.6,15.2,6.8,0.5,4.1
5099,AR,Nevada,3358,2133,1076,335,14,8528,4444,4084,0.4,63.4,33.4,0.1,1.4,0,6570,36995,23,34,28.9,20.5,15.1,13.8,21.7,85.9,7.8,0.7,1.1,1.9,2.7,29.9,3294,73.2,22.7,4.2,0,4.8
48253,TX,Jones,6691,5621,989,610,3,19969,12658,7311,27.2,54.8,14.5,0.1,0.3,0,15944,48601,15.9,19.9,31.9,24,19.5,10.5,14.1,76.9,16.6,0,2.7,1,2.8,20.2,5057,65.5,23.2,11.1,0.3,4.2
51067,VA,Franklin,29630,20895,8381,945,6,56277,27631,28646,2.7,87.1,7.9,0.2,0.4,0,44696,51208,14.8,22.5,32.8,15.3,24.1,11.5,16.2,79.4,10.1,0.5,2.1,1.5,6.4,30.2,25460,80.6,13.1,6.2,0.1,5.4
51047,VA,Culpeper,27116,16012,10617,1401,18,49795,25057,24738,9.7,71.1,13.6,0.3,1.4,0,35270,69693,8.9,10.3,36.1,18,21.9,12.9,11.1,80.9,10.6,1.1,1.6,1.3,4.5,39.7,23377,76.1,17.1,6.6,0.1,5.9
48117,TX,Deaf Smith,4608,3293,1263,1042,27,18947,9499,9448,71.6,25.9,0.8,0.3,0.5,0.1,10652,51543,18,26.8,27.7,12.8,18.5,15,26,85,11.5,0.5,0.4,0.4,2.2,13.1,8619,80.9,12.9,5.5,0.7,5
20147,KS,Phillips,3278,2855,373,209,9,5446,2658,2788,3.2,94.1,0.4,0.3,0.3,0.1,4110,46806,8.1,10.8,32.9,17,21.8,14.3,14.1,79.8,8.2,0,5.5,0.5,6,14.1,2770,71,18.8,10.3,0,1.8
29023,MO,Butler,18165,14599,3301,1313,8,42826,20735,22091,2,89,5.4,0.5,0.7,0,32460,37878,21.6,30,29.2,18,24.8,8.4,19.6,80.8,10.5,0.7,2.6,2.1,3.3,18,16983,77.6,15.9,6.3,0.2,9.2
20117,KS,Marshall,5023,3662,1239,77,0,9859,4937,4922,2.4,95,0.3,0.3,0.3,0.3,7513,50420,8.9,11.3,30.7,14.4,21.1,10.8,23,80.5,7.4,0.8,5.2,1.6,4.5,15.5,4875,74.6,14.5,10.6,0.3,4.1
54071,WV,Pendleton,3659,2782,820,79,1,7138,3583,3555,1.1,94.7,3.3,0,0.1,0,5834,39554,18.7,30.6,25.2,18,16,20.3,20.4,69.9,18.2,0.3,2.3,0.9,8.5,32.1,2726,66.1,23.2,9.8,0.8,5
26141,MI,Presque Isle,8360,5343,2912,81,1,12854,6419,6435,1.2,95.8,0.5,0.4,0.4,0,10690,43758,14.9,23.1,27.5,19.8,20.5,14.5,17.7,79.9,11.1,0.1,3.4,1.2,4.3,24.4,4530,77.4,13.1,9.2,0.3,11.4
5009,AR,Boone,17103,13644,3061,1099,36,37212,18198,19014,2.3,94.2,0.4,1.1,0.5,0.1,28675,40727,15.8,23.7,29.8,19.5,24.8,9.7,16.2,82.7,11.1,0.1,1,1.3,3.8,19.4,15773,78.4,13.1,8.2,0.3,6.1
13237,GA,Putnam,11855,8291,3448,821,27,21430,10410,11020,6.6,65.4,26.1,0,0.5,0,16386,48340,16.2,23.1,25.6,23,21.9,10.2,19.4,77.1,14.3,0.2,0.9,2.6,4.9,25,9127,74.9,17.7,7.4,0,6.5
48479,TX,Webb,68397,25898,41820,15413,355,269624,131657,137967,95.5,3.5,0.3,0.1,0.5,0,130541,40442,31.5,42,26.2,22.9,28,10.2,12.7,81.4,11.9,1.1,1.7,1.2,2.7,21.7,102713,75.5,17.3,6.9,0.3,5.7
13279,GA,Toombs,10914,7872,2939,1523,57,27160,12706,14454,11.6,60.5,25.4,0,0.9,0,18462,35750,24.4,29.8,26.3,18.2,22.7,17.1,15.6,78.4,14.3,0.6,1.7,2.8,2.3,19.4,10574,75.8,17.6,6.6,0,10.3
47093,TN,Knox,219869,124339,91097,13469,96,452286,219839,232447,4,82.7,8.8,0.2,2.1,0,344306,52458,15.8,19.9,40.5,17.3,25.4,6.8,10,83.9,7.7,0.7,1.8,1,4.9,21.9,222748,79.1,14.3,6.4,0.1,5.5
29229,MO,Wright,8737,7452,1167,620,8,18304,9012,9292,1.7,95.3,0.6,0.2,0.5,0,13717,31290,25,35.2,22.9,19.5,19.2,16.1,22.3,77.4,10.4,0,4.3,2.4,5.5,27.6,6631,70.5,15.5,13.3,0.7,8.4
46051,SD,Grant,3745,2618,1056,326,2,7133,3652,3481,1.8,93.9,0,3.4,0.1,0,5396,56276,7.6,8.4,28.5,15.9,24.8,17.9,12.9,78.4,11.8,0.1,4.2,0.6,4.8,12.3,3718,78.9,11.4,9.6,0.2,3.3
5107,AR,Phillips,6155,2393,3561,781,16,19518,9210,10308,1.7,34.6,62.8,0,0.1,0,14300,26652,33,53.3,25.9,20.3,25.3,10.3,18.2,75.8,17.8,0.1,2.3,2.1,2,18.2,6718,65.7,27.1,7,0.1,15.7
17187,IL,Warren,7916,4671,3087,570,9,17429,8439,8990,9.2,84.4,2.8,0,2.3,0,12860,47278,13.8,19.3,31.4,19.1,20,8.7,20.9,78.2,9.4,0.7,4.8,1.9,4.9,17.9,8248,80.5,11.8,7.4,0.2,6.6
26097,MI,Mackinac,7015,4304,2632,171,0,10836,5474,5362,1.6,73.8,2.3,16.9,0.6,0,8849,42559,15.4,20.9,24.6,25.7,23.9,12,13.8,67.9,7.5,2.4,7.1,8.4,6.8,20.7,4552,70.2,20.8,9,0,10.5
19175,IA,Union,6171,4010,2061,291,5,12497,6061,6436,2.8,94.5,1.2,0.3,0.7,0.1,9500,47597,13.8,16,27.4,18.1,19.7,6.2,28.7,79.9,10.3,0.4,4.7,0.7,3.9,17.5,6205,76.7,14.6,8.5,0.3,4.3
